"Ctrl_nameRecordedBy_Standard","Ctrl_recordedBy","Ctrl_notes","collectorDictionary","Ctrl_update","collectorName","Ctrl_fullName","Ctrl_fullNameII","CVStarrVirtualHerbarium_PersonDetails"
"ACEVEDO","R. ACEVEDO R.; C. REYES",,"",,,,,
"ACOSTA","R. ACOSTA P.; F. VÁZQUEZ B.",,"",,,,,
"ACOSTA","R. ACOSTA P.; N. ACOSTA B.",,"",,,,,
"ADARVE","J. ADARVE",,"",,,,,
"AGUILAR","AGUILAR, R.M.",,"",,,,,
"AGUILAR","JOSÉ AGUILAR CANO;SANDRA MEDINA;JHONATAN GUZMÁN",,"",,,,,
"AGUILAR","M.L. REYNA DE AGUILAR",,"",,,,,
"AGUILAR","R.M. AGUILAR",,"",,,,,
"AGUILAR","REYNA DE AGUILAR,M.L.",,"",,,,,
"AGUILAR-CANO","AGUILAR-CANO, J.;MEDINA, SANDRA",,"",,,,,
"AGUILAR-CANO","AGUILAR-CANO, J.;MEDINA, SANDRA;GUZMÁN, JHONATAN",,"",,,,,
"AGUILAR-CANO","J. AGUILAR-CANO;S. MEDINA",,"",,,,,
"AGUILAR-CANO","JOSÉ  AGUILAR-CANO;SANDRA MEDINA;JHONATAN GUZMÁN",,"",,,,,
"AGUSTIN","AGUSTÍN FLORES M.; O. GUTIÉRREZ R.",,"",,,,,
"AGUSTIN","AGUSTÍN FLORES M.; OSCAR GUTIÉRREZ",,"",,,,,
"ALBERTI","ALBERTI, FA",,"",,,,,
"ALEJANDRO","ALEJANDRO ARAUJO M.;A. T. FERNÁNDEZ C.;D. CHOQUE A.",,"",,,,,
"ALEJANDRO","ALEJANDRO ARAUJO M.;A. T. FERNÁNDEZ C.;S. PAREDES;GUZMÁN JOVE",,"",,,,,
"ALEJANDRO","ALEJANDRO ARAUJO M.;A.S. POMA C.;PILAR GARAGORRI;S. PAREDES;DANTE CHAMBI",,"",,,,,
"ALEJANDRO","ALEJANDRO ARAUJO M.;A.S. POMA C.;PILAR GARAGORRI;S. PAREDES;EVERT CUEVAS",,"",,,,,
"ALEXANDER","HENRIK FRANZ ALEXANDER VON EGGERS",,"",,,,,
"ALFREDO","ALFREDO PÉREZ J.",,"",,,,,
"ALFREDO","ALFREDO SAYNES V.; A. SÁNCHEZ; G. JUÁREZ",,"",,,,,
"ALFREDO","ALFREDO SAYNES V.; ARTURO SÁNCHEZ; ARTURO NAVA ZAFRA",,"",,,,,
"ALLEN","P. H. ALLEN & M. VAN SEVEREN",,"",,,,,
"ALVARES","ÁLVARES, D; JIMENEZ, JC",,"",,,,,
"ALVAREZ","D. ÁLVAREZ; C. JIMÉNEZ",,"",,,,,
"ALVAREZ","D. ÁLVAREZ; C. JIMÉNEZ J.",,"",,,,,
"ALVAREZ","D.A. MONTEJO ALVAREZ; C. JIMÉNEZ J.",,"",,,,,
"ALVAREZ","WILSON DEVIA ALVAREZ",,"",,,,,
"ALVAREZ-MANJARREZ","JULIETA ALVAREZ-MANJARREZ",,"",,,,,
"ALVES","ALVES, J.; ET AL.",,"",,,,,
"ALVES","ALVES, J;ET AL.",,"",,,,,
"ALVES","ALVES, J;J. ALVES,ET AL.",,"",,,,,
"ALVES","J. ALVES ET AL.",,"",,,,,
"ANDRES","ANDRES RDZ.; M. MARTINEZ; J. MANUEL SOSA",,"",,,,,
"ANNETTA","ANNETTA CARTER",,"",,,,,
"ANNETTA","ANNETTA CARTER; ROXANA FERRIS",,"",,,,,
"ANNETTA","ANNETTA M. CARTER",,"",,,,,
"ANNETTA","ANNETTA M. CARTER; J.R.HASTINGS AND R.M. TURNER",,"",,,,,
"ANTONIO","ANTONIO MOLINA R.;ALBERTINA R. MOLINA",,"",,,,,
"ANTONIO","MARCO ANTONIO GUZMÁN LUCIO",,"",,,,,
"APARICIO","APARICIO,R. & RIVERA,R.",,"",,,,,
"APARICIO","R. APARICIO;R. RIVERA",,"",,,,,
"ARAUJO","ARAUJO, D.;N.C. MACIEL",,"",,,,,
"ARBELAEZ","ENRIQUE PÉREZ ARBELÁEZ;JOSÉ CUATRECASAS",,"",,,,,
"ARBOLEDA","ARBOLEDA, O.;BRAND, J.;BUNCH, P.;LOH, J. VON",,"",,,,,
"ARBOLEDA","ARBOLEDA, O.;BRAND, J.;BUNCH, P.;SANTA, J.",,"",,,,,
"ARMANDO","ARMANDO DUGAND GNECO;HERNÁNDO GARCÍA BARRIGA",,"",,,,,
"ARMANDO","ARMANDO DUGAND GNECO;R. JARAMILLO",,"",,,,,
"ARMANDO","ARMANDO REALES",,"",,,,,
"ARTURO","ARTURO NAVA ZAFRA; A. SÁNCHEZ; R. EICHENBERGER",,"",,,,,
"ARTURO","ARTURO NAVA ZAFRA; ARTURO SÁNCHEZ; KENIA VELÁSCO GUTIÉRREZ",,"",,,,,
"ASSIS","ASSIS, A.M.;SANTOS, J.,CRIBARI, R.S.",,"",,,,,
"AVINA","VEGA AVIÑA RITO; HERNÁNDEZ A. FAUSTINO",,"",,,,,
"AVINA","VEGA AVIÑA RITO; HERNÁNDEZ V. JORGE A.",,"",,,,,
"AYALA","M. G. AYALA",,"",,,,,
"AYALA","M.G. AYALA",,"",,,,,
"AYERBE","LUIS EM. SAIZ AYERBE;FRED A. BARKLEY",,"",,,,,
"AYMARD","G. A. AYMARD & N. L. CUELLO",,"",,,,,
"BADEL","A. BADEL; I. LEGUÍZAMO",,"",,,,,
"BAEZ","J. BAEZ",,"",,,,,
"BALANSA","BALANSA, B. (NO. 2282 A)",,"",,,,,
"BALANSA","BALANSA, B. (NO. 2282)",,"",,,,,
"BALANSA","BALANSA, G.J.B.",,"",,,,,
"BALANSA","BALANSA,B.",,"",,,,,
"BALBIS","BALBIS,G.B.",,"",,,,,
"BALEE","W. L. BALÉE;O. ÁLVARES DA SILVA",,"",,,,,
"BALLESTEROS","M.A. MARTÍN BALLESTEROS",,"",,,,,
"BARBER","H. BARBER",,"",,,,,
"BARKLEY","F. A. BARKLEY, R. SCOLNIK & L. SAIZ A.",,"",,,,,
"BARO","D. BARO",,"",,,,,
"BELLAMY","C. L. BELLAMY",,"",,,,,
"BENAVIDES","BENAVIDES J.;VALENCIA A.",,"",,,,,
"BENJAMIN","BENJAMIN CARROLL THARP",,"",,,,,
"BENJAMIN","BENJAMIN CARROLL THARP;ECOLOGY CLASS",,"",,,,,
"BENJAMIN","BENJAMIN CARROLL THARP;JOE C. JOHNSON;GRADY L. WEBSTER",,"",,,,,
"BENJAMIN","BENJAMIN CARROLL THARP;MARSHALL C. JOHNSTON",,"",,,,,
"BENJAMIN","BENJAMIN T. WILDER; BRAD BOYLE ET AL.",,"",,,,,
"BENJAMIN","BENJAMIN T. WILDER; BRAD BOYLE, ET AL.",,"",,,,,
"BENJAMIN","BENJAMIN T. WILDER; HUMBERTO ROMERO-MORALES AND ALEXANDER SWANSON",,"",,,,,
"BENJAMIN","BENJAMIN WILDER",,"",,,,,
"BENJAMIN","BENJAMIN WILDER; SULA VANDERPLANK, JOSE LUIS LEON DE LA LUZ",,"",,,,,
"BERENDSOHN","BERENDSOHN,W., GRUBER,K., MONTERROSA,J. & RODRÍGUEZ,D.",,"",,,,,
"BERENDSOHN","W.G. BERENDSOHN;K. GRUBER;JORGE MONTERROSA S.;DAGOBERTO RODRÍGUEZ",,"",,,,,
"BERNAL","HENRY Y. BERNAL M.",,"",,,,,
"BETANCUR","BETANCUR, JULIO;LÓPEZ, RENÉ;GALEANO, GLORIA;ARÉVALO, RAFAEL;ET AL.",,"",,,,,
"BIELMA","M. A. GARCÍA BIELMA",,"",,,,,
"BIGANZOLI","F. BIGANZOLI;PAOLA PERALTA;G. MÁRQUEZ",,"",,,,,
"BOLIVAR","BOLÍVAR MERINO",,"",,,,,
"BONIFAZ","BONIFAZ & CORNEJO",,"",,,,,
"BONIFAZ","C. BONIFAZ & CORNEJO",,"",,,,,
"BORSCH","TH. BORSCH, D. PRATT, K. MUELLER 3446",,"",,,,,
"BORTOLOTTO","BORTOLOTTO, I. M.;NAKAJIMA, J.N.,JOSÉ,FLÁVIO,HELRY,LUIS, J.,PORFÍRIO, G.,ASSIS, E. RODRIGUES, D. P.,ISHII, I. H.,NASCIMENTO, V.,SCAMARELI, A.,DAMASCENO-JUNIOR, G. A.",,"",,,,,
"BRATZ","R. D. BRATZ; B. VILLA R.",,"",,,,,
"BRAVO","H. BRAVO",,"",,,,,
"BREEDLOVE","BREEDLOVE, D E",,"",,,,,
"BUENO","BUENO, RM; ET AL.",,"",,,,,
"BUENO","BUENO, RM;ET AL.",,"",,,,,
"BUITRAGO","FERNANDO BUITRAGO",,"",,,,,
"BULLOCK","S. H. BULLOCK",,"",,,,,
"BULLOCK","STEPHEN H. BULLOCK",,"",,,,,
"BUNCH","BUNCH P.",,"",,,,,
"BUNCH","BUNCH P.;ARBOLEDA O.;BRAND J.;SANTA J.",,"",,,,,
"BUNCH","BUNCH P.;ARBOLEDA O.;VON LOH J.",,"",,,,,
"BUNCH","BUNCH, P.",,"",,,,,
"BURQUEZ","ALBERTO BÚRQUEZ",,"",,,,,
"BURQUEZ","ALBERTO BÚRQUEZ; I. GRANILLO",,"",,,,,
"CABALLERO","J. CABALLERO;ET AL.",,"",,,,,
"CABIDO","CABIDO, M.",,"",,,,,
"CABRERA","ANGEL L. CABRERA;NÉLIDA M. BACIGALUPO;ROBERTO KIESLING;MARÍA E. MÚLGURA",,"",,,,,
"CABRERA","ANGEL L. CABRERA;NÉLIDA M. BACIGALUPO;SILVIA M. BOTTA",,"",,,,,
"CABRERA","ANGEL L. CABRERA;SILVIA M. BOTTA",,"",,,,,
"CABRERA","CHIANG CABRERA, FERNANDO",,"",,,,,
"CABRERA","E. CABRERA C.; O. CANUL",,"",,,,,
"CABRERA","E. CABRERA; O. CANUL",,"",,,,,
"CABRERA","E. F. CABRERA C.; O. CANUL",,"",,,,,
"CABRERA","EDGAR FCO. CABRERA C.;O. CANUL",,"",,,,,
"CADENA","CADENA",,"",,,,,
"CALAWAY","CALAWAY H. DODSON;ET AL.",,"",,,,,
"CALIXTO","CALIXTO LEÓN G.",,"",,,,,
"CALONICO","JORGE CALÓNICO SOTO; O. TÉLLEZ; A. DOMÍNGUEZ M.",,"",,,,,
"CALONICO-SOTO","JORGE CALÓNICO-SOTO; O. TÉLLEZ V., A. DOMÍNGUEZ M., J. MARTÍNEZ C.",,"",,,,,
"CAMILO","CAMILO DÍAZ S.;M. SEVERO BALDEÓN",,"",,,,,
"CAMPOS","A. CAMPOS V.; RAFAEL TORRES COLÍN; L. CORTÉS",,"",,,,,
"CAMPOS","C. CAMPOS;ALEJANDRO ARAUJO M.;A. ANTEZANA;D. CHOQUE A.;VANIA TORREZ;GERARDO JOVE;REMBERTO JOVE;C. PÉREZ",,"",,,,,
"CAMPOS","C. CAMPOS;ALEJANDRO ARAUJO M.;A. ANTEZANA;D. CHOQUE A.;VANIA TORREZ;REMBERTO JOVE;C. PÉREZ",,"",,,,,
"CAMPOS","J. CAMPOS & W. VARGAS",,"",,,,,
"CAMPOS","J. CAMPOS, W. VARGAS",,"",,,,,
"CAMPOS","JOSÉ CAMPOS DE LA CRUZ;O. DÍAZ",,"",,,,,
"CAMPOS","JOSÉ CAMPOS DE LA CRUZ;W. VARGAS",,"",,,,,
"CANQUI","F. CANQUI;ALEJANDRO ARAUJO M.;HÉCTOR CABRERA;M.H. CALZADILLA;L. CAYOLA;CARLA MALDONADO;NAREL PANIAGUA ZAMBRANA;REMBERTO ALVAREZ;ANTONIO ÁLVAREZ;MARIO ÁLVAREZ",,"",,,,,
"CARDONA","EDSON CARDONA",,"",,,,,
"CARDOZO","CARDOZO, A.P.;TEMPONI, L.G.,MARCON, T.R.",,"",,,,,
"CARLOS","CARLOS E. CERÓN;MERY MONTESDEOCA;A. BASTIDAS;VEGA, V.",,"",,,,,
"CARMEN","CARMEN DEL RÍO",,"",,,,,
"CARNEVALI","G. CARNEVALI; A. ESPEJO; A.R. LÓPEZ-FERRARI; F. MAY; I. OJEDA",,"",,,,,
"CARNEVALI","GERMÁN CARNEVALI;A. ESPEJO S.;ANA ROSA LÓPEZ-FERRARI;FILOGONIO MAY PAT;ISIDRO OJEDA",,"",,,,,
"CAROL","CAROL BUSH; DAVID BLANKENSHIP",,"",,,,,
"CARRION","A.M. CARRIÓN;E. RAMOS",,"",,,,,
"CARTER","A. CARTER & R. S. FERRIS",,"",,,,,
"CARTER","A. CARTER; R. FERRIS",,"",,,,,
"CARTER","A. M. CARTER",,"",,,,,
"CASTANO","A. CASTAÑO N.;J. ADARVE",,"",,,,,
"CASTANO","CASTAÑO, A;DEVIA, W",,"",,,,,
"CASTILLO","G. CASTILLO C.; M. E. MEDINA",,"",,,,,
"CASTILLO","G. CASTILLO C.; M.E. MEDINA A.",,"",,,,,
"CASTILLO","G. CASTILLO C.; P. P. MORENO; A. GONZÁLEZ",,"",,,,,
"CASTILLO","G. CASTILLO C.; P. ZAMORA C.",,"",,,,,
"CASTILLO","G. CASTILLO C.; P. ZAMORA C.; A. GONZÁLEZ",,"",,,,,
"CASTILLO","G. CASTILLO C.; P. ZAMORA C.; F. GONZÁLEZ",,"",,,,,
"CASTILLO","G. CASTILLO C.; R. ACEVEDO",,"",,,,,
"CASTILLO","G. CASTILLO C.; R. ACEVEDO R.,  J. L. MARTINEZ",,"",,,,,
"CASTILLO","G. CASTILLO C.; R. ACEVEDO R.; J. L. MARTÍNEZ",,"",,,,,
"CASTILLO","G. CASTILLO C.;M. E. MEDINA",,"",,,,,
"CASTILLO","G. CASTILLO C.;RAÚL ACEVEDO R.;J. L. MARTINEZ",,"",,,,,
"CASTILLO","G. CASTILLO; C. R. ACEVEDO R.ETAL.",,"",,,,,
"CASTILLO","JORGE MEAVE DEL CASTILLO; E. A. PÉREZ G.",,"",,,,,
"CASTILLO","JUAN JOSÉ CASTILLO MONT",,"",,,,,
"CASTILLO-CAMPOS","G. CASTILLO-CAMPOS; J. BECERRA Z.",,"",,,,,
"CASTILLO-CAMPOS","G. CASTILLO-CAMPOS; M. E. MEDINA A.; R. A. PALESTINA G.",,"",,,,,
"CASTILLO-CAMPOS","G. CASTILLO-CAMPOS; P. MORENO-CASASOLA; A. GONZÁLEZ B.",,"",,,,,
"CASTILLO-CAMPOS","G. CASTILLO-CAMPOS; P. ZAMORA C.; A. GONZÁLEZ B.",,"",,,,,
"CASTILLO-CAMPOS","G. CASTILLO-CAMPOS; P. ZAMORA C.; F. GONZÁLEZ",,"",,,,,
"CASTILLO-CAMPOS","GONZALO CASTILLO-CAMPOS;RAÚL ACEVEDO R.;J.L. MARTÍNEZ PEREZ",,"",,,,,
"CASTREJON","CASTREJÓN R.; J.F.; MARTÍNEZ S.; E.; ELORSA C.; M.",,"",,,,,
"CASTREJON","CASTREJÓN R.; J.F.; MARTÍNEZ S.; ELORSA C.; M.",,"",,,,,
"CASTREJON","CASTREJÓN R.;M.,E.,J.F.,MARTÍNEZ S.,ELORSA C.",,"",,,,,
"CASTREJON","CASTREJÓN R.;M.,J.F.,MARTÍNEZ S.,ELORSA C.",,"",,,,,
"CASTREJON","JAVIER F. CASTREJÓN R.;ESTEBAN M. MARTÍNEZ S.;MISAEL ELORSA C.",,"",,,,,
"CASTRO","A. FRÍAS CASTRO; R. RAMÍREZ DELGADILLO; L. HERNÁNDEZ; FRANCISCO JAVIER RENDÓN SANDOVAL",,"",,,,,
"CASTRO","CASTRO, M.",,"",,,,,
"CASTRO","M. CASTRO",,"",,,,,
"CAVALHEIRO","A.L. CAVALHEIRO",,"",,,,,
"CAVALHEIRO","A.L.CAVALHEIRO",,"",,,,,
"CAVALHEIRO","CAVALHEIRO, AL;CAVALHEIRO, A.L.",,"",,,,,
"CAXAMBU","M.G. CAXAMBÚ",,"",,,,,
"CAYOLA","L. CAYOLA;ANGEL FERNÁNDEZ;C. CAMPOS;VANIA TORREZ;GERARDO JOVE;REMBERTO JOVE;L. SÁNCHEZ;ET AL.",,"",,,,,
"CAYOLA","L. CAYOLA;C. CAMPOS;A.S. POMA C.;REMBERTO JOVE;H. URBANO;ET AL.",,"",,,,,
"CAYOLA","L. CAYOLA;ET AL.",,"",,,,,
"CEDILLO","R. CEDILLO T.; R. TORRES-COLÍN",,"",,,,,
"CEDILLO","REFUGIO CEDILLO TRIGOS; DAVID H. LORENCE",,"",,,,,
"CEDILLO","REFUGIO CEDILLO TRIGOS; RAFAEL TORRES COLÍN",,"",,,,,
"CEGEN","CEGEN",,"",,,,,
"CERVANTES","E. CERVANTES;E. PORTAL;JEANETH VILLALOBOS",,"",,,,,
"CERVANTES","E. CERVANTES;JEANETH VILLALOBOS",,"",,,,,
"CERVANTES","LUIS M. CERVANTES S.",,"",,,,,
"CHAVELAS","J. CHAVELAS P.; C. ZAMORA S.; G. SORIA R.",,"",,,,,
"CHAZARO","M. CHÁZARO B.; H. OLIVA R.",,"",,,,,
"CHAZARO","M. CHÁZARO B.; J. L. TAPIA M.",,"",,,,,
"CHIANG","F. CHIANG C.; A. SALINAS T.; O. R. DORADO R.",,"",,,,,
"CHIANG","F. CHIANG; A. SALINAS; O. R. DORADO R.",,"",,,,,
"CHIANG","F. CHIANG; GABRIEL FLORES FRANCO",,"",,,,,
"CHOQUE","D. CHOQUE A.;L. CAYOLA;A. T. FERNÁNDEZ C.;B. JOLY;NOEL CUEVAS;EVERT CUEVAS",,"",,,,,
"CHOQUE","D. CHOQUE A.;L. CAYOLA;A. T. FERNÁNDEZ C.;NOEL CUEVAS;EVERT CUEVAS",,"",,,,,
"CHOQUE","D. CHOQUE A.;L. CAYOLA;ERICKA LLANOS;NOEL CUEVAS;EVERT CUEVAS",,"",,,,,
"CHORLEY","CHORLEY",,"",,,,,
"CHRISTENHUSZ","M. J. M. CHRISTENHUSZ",,"",,,,,
"CHRISTENHUSZ","MAARTEN J. M. CHRISTENHUSZ;MARIA S. VORONTSOVA;JORGE JIMÉNEZ BARRIOS",,"",,,,,
"CHRISTOPHER","CHRISTOPHER SANDEMAN",,"",,,,,
"CINTORA","K. CÍNTORA R.; B. SÁNCHEZ G.",,"",,,,,
"CLARK","JOHN L. CLARK;ET AL.",,"",,,,,
"CLARKE","O.F. CLARKE; W. JONAS, K. CLARKE, C. MCNEIL, CAROL SIMON",,"",,,,,
"CLOVER","E. U. CLOVER",,"",,,,,
"COELHO","COELHO, R. L. G.",,"",,,,,
"COLLECTOR","COLLECTOR(S): ANDREW C. SANDERS",,"",,,,,
"COLLECTOR","COLLECTOR(S): ELSA ZARDINI",,"",,,,,
"COLLECTOR","COLLECTOR(S): GONZALO CASTILLO C., UNKNOWN",,"",,,,,
"COLLECTOR","COLLECTOR(S): O. F. CLARKE",,"",,,,,
"COLLECTOR","COLLECTOR(S): VIVIANA GRISELDA SOLIS NEFFA",,"",,,,,
"COLOMBIA","DOW CHEMICAL INTERNAL. DE COLOMBIA S. A.",,"",,,,,
"CORNEJO","CORNEJO & BONIFAZ",,"",,,,,
"CORNEJO","CORNEJO, X.; BONIFAZ, C.",,"",,,,,
"CORNEJO","CORNEJO, X.;BONIFAZ, C.",,"",,,,,
"CORNEJO","XAVIER CORNEJO S.;CARMEN BONIFAZ B.",,"",,,,,
"CORONADO","I. CORONADO G.; R. M. RUEDA",,"",,,,,
"CORONADO","I. CORONADO G.;P. A. ALMANZA",,"",,,,,
"CORONADO","I. CORONADO G.;R. M. RUEDA",,"",,,,,
"CORREA","MAEVIA N. CORREA;NÉLIDA M. BACIGALUPO",,"",,,,,
"CRESCENCIO","P. ZAMORA CRESCENCIO; J.A. HERNÁNDEZ TRUJEQUE",,"",,,,,
"CRISTHIAN","CRISTHIAN AGUIRRE;JUAN GUEVARA;GICELA ARIAS",,"",,,,,
"CRISTOBAL","CRISTÓBAL, CL",,"",,,,,
"CRISTOBAL","CRISTÓBAL, CL;CRISTÓBAL, C.L.",,"",,,,,
"CTL","CTL; ELP; AECV",,"",,,,,
"CUATRECASAS","J. CUATRECASAS & V. M. PATIÑO",,"",,,,,
"D'ANGELO","C. D'ANGELO",,"",,,,,
"DAMASCENO","DAMASCENO JR, G.A.;VELASQUES, J.S.",,"",,,,,
"DAMASCENO","DAMASCENO JR, GA; VELASQUES, JS",,"",,,,,
"DAMASCENO","DAMASCENO JR., G.A.; LIMA, M.S.; ASSIS, E.M.; URQUIZA,M.V.",,"",,,,,
"DAMASCENO","DAMASCENO JR., G.A.; VELASQUES, J.S.",,"",,,,,
"DAMASCENO","DAMASCENO JUNIOR , G.A.;VELASQUES, J.S.,DAMASCENO-JÚNIOR, G. A.,VELASQUES, J. S.",,"",,,,,
"DAMASCENO","DAMASCENO JUNIOR, G.A.;G.A. DAMASCENO JUNIOR,VELASQUES, J.S.,J.S. VELASQUES",,"",,,,,
"DAMASCENO","DAMASCENO JUNIOR, GA; VELASQUES, JS",,"",,,,,
"DAMASCENO","DAMASCENO JÚNIOR,G.A.;DAMASCENO-JÚNIOR, G. A.,VELASQUES,J.S.,VELASQUES, J. S.",,"",,,,,
"DAMASCENO","G.A. DAMASCENO JUNIOR; J.S. VELASQUES",,"",,,,,
"DAMASCENO","G.A.DAMASCENO JUNIOR; J.S.VELASQUES",,"",,,,,
"DAMASCENO-JUNIOR","DAMASCENO-JUNIOR, G.A.; VELASQUES, J.S.",,"",,,,,
"DAMASCENO-JUNIOR","G.A. DAMASCENO-JUNIOR;D.T. AZEVEDO,P.R. SOUZA,F.J. KOCHANOVSKI,C.A. CAROLLO,E.M.L. ANJOS DOS SANTOS,V. GOES",,"",,,,,
"DANIEL","T. F. DANIEL; M. GALLAGHER, D. KEIL, M. MOHLENBROCK, T.M. BUTTERWICK",,"",,,,,
"DAVID","DAVID J. KEIL; ET AL.",,"",,,,,
"DAVID","DAVID J. KEIL;THOMAS F. DANIEL;MARK MOHLENBROCK;MARY L. BUTTERWICK;PEG GALLAGHER;D. WOOD",,"",,,,,
"DAVID","DAVID KEIL; TOM DANIEL; MARK MOHLENBROCK; MARY BUTTERWICK; PEG GALLAGHER; DENNIS WOOD",,"",,,,,
"DAVIDSE","DAVIDSE,G., MONRO,A., SIDWELL,K. & VILLACORTA,R.",,"",,,,,
"DAVIDSE","GERRIT DAVIDSE, ALEX MONRO, KAREN SIDWELL & RAUL VILLACORTA M.",,"",,,,,
"DAVIDSE","GERRIT DAVIDSE;ALEX K. MONRO;KAREN J. SIDWELL;RAUL VILLACORTA",,"",,,,,
"DAVIDSE","GERRIT DAVIDSE;MARIO SOUSA S.;JOSÉ LINARES",,"",,,,,
"DAVILA","DAVILA, A. R. M.;SOUZA, N. V. D.",,"",,,,,
"DAVILA","DAVILA, A.R.M.",,"",,,,,
"DEGEN","ROSA DEGEN;FÁTIMA MERELES",,"",,,,,
"DELGADILLO","R. DELGADILLO; A. RODRÍGUEZ C.",,"",,,,,
"DELGADO","ALFONSO DELGADO S.;R. HERNÁNDEZ;L. TREJO",,"",,,,,
"DERIEMER","K. DERIEMER",,"",,,,,
"DEVENDER","T. R. VAN DEVENDER; A. L. REINA G.",,"",,,,,
"DEVENDER","T. R. VAN DEVENDER; A. L. REINA G., D. A. YETMAN",,"",,,,,
"DEVENDER","T.R. VAN DEVENDER",,"",,,,,
"DEVENDER","T.R. VAN DEVENDER; A.L. REINA G.; G. ANDERSON",,"",,,,,
"DEVENDER","T.R. VAN DEVENDER; A.L. REINA G.; S.C. DOAN; G.M. FERGUSON; Z. LIU",,"",,,,,
"DEVENDER","T.R. VAN DEVENDER; A.L. REINA; D.A. YETMAN",,"",,,,,
"DEVENDER","T.R. VAN DEVENDER; ET AL.",,"",,,,,
"DEVIA","W. DEVIA;J. ADARVE",,"",,,,,
"DEXTER","K.G. DEXTER, J.L. MARCELO PENA, A. DAZA YOMONA, R.T. PENNINGTON",,"",,,,,
"DIAZ","C. DÍAZ S. & S. BALDEÓN M.",,"",,,,,
"DODSON","DODSON, CALAWAY",,"",,,,,
"DOMINGUE","HÉCTOR GÓMEZ DOMÍNGUE",,"",,,,,
"DOMINGUEZ","A. DOMÍNGUEZ M.; O. TÉLLEZ; JORGE CALÓNICO SOTO; J. MARTÍNEZ C.",,"",,,,,
"DOMINGUEZ","E. DOMÍNGUEZ LICONA",,"",,,,,
"DOMINGUEZ","E. DOMÍNGUEZ LICONA; J. M. DOMÍNGUEZ LICONA",,"",,,,,
"DOMINGUEZ","R. DOMÍNGUEZ C.",,"",,,,,
"DOMINGUEZ","RAYMUNDO DOMÍNGUEZ",,"",,,,,
"DONELL","DONELL",,"",,,,,
"DORANTES","DORANTES J; ET AL.",,"",,,,,
"DORANTES","JESÚS DORANTES L.;ET AL.",,"",,,,,
"DORR","L. J. DORR & S. M. NIÑO",,"",,,,,
"DRYANDER","F. DRYANDER",,"",,,,,
"DUQUE-JARAMILLO","DUQUE-JARAMILLO, J.M.",,"",,,,,
"DURAN","C. DURÁN E.; A. RINCÓN G.",,"",,,,,
"DURAN","C. DURÁN; A. RINCÓN",,"",,,,,
"DURAN-ESPINOSA","C.M. DURÁN-ESPINOSA; A. RINCÓN G.",,"",,,,,
"E M L","E.M.L.; M.N.M.G.; R.R.O.",,"",,,,,
"EGGERS","EGGERS HFA VON",,"",,,,,
"EGGERS","EGGERS, H.",,"",,,,,
"EGGERS","EGGERS,H.",,"",,,,,
"EGGERS","H.F.A. EGGERS",,"",,,,,
"ELIZABETH","ELIZABETH TORRES B.; H. MORALES I.",,"",,,,,
"ELIZABETH","ELIZABETH TORRES B.;H. MORALES I.",,"",,,,,
"ELLSWORTH","ELLSWORTH P. KILLIP;ARMANDO DUGAND GNECO;R. JARAMILLO",,"",,,,,
"ELORSA","ELORSA C, M",,"",,,,,
"ELORSA","ELORSA C, M;ELORSA C, M.",,"",,,,,
"ELORSA","M. ELORSA",,"",,,,,
"ELORSA","M. ELORSA C.; D. SCHEIDEGGER",,"",,,,,
"EMILY","EMILY J. LOTT",,"",,,,,
"EMRICH","EMRICH, K. & RAMBO, B.",,"",,,,,
"ENCARNACION","ROSALBA ENCARNACIÓN DIMAYUGA",,"",,,,,
"ENRIQUE","ENRIQUE FORERO;ROBERTO JARAMILLO M.;LUZ MILA QUIÑONES;LUIS A. VIDAL",,"",,,,,
"ENRIQUE","ENRIQUE MÉNDEZ",,"",,,,,
"ESTEVAN","ESTEVAN, DA;ESTEVAN, D.A.",,"",,,,,
"EYERDAM","WALTER J. EYERDAM;ALAN A. BEETLE",,"",,,,,
"FABIANA","FABIANA MAMANI M.;A. MAMANI",,"",,,,,
"FABIANA","FABIANA MAMANI M.;ANTONY JARDIM",,"",,,,,
"FABIANA","FABIANA MAMANI M.;P. SARAVIA;R.A. MEDINA;S. CABRERA;M. SAUCEDO",,"",,,,,
"FAJARDO","NANCY SANTAFÉ FAJARDO",,"",,,,,
"FALCAO","J.FALCÃO",,"",,,,,
"FARNEY","C. FARNEY; T.S.PEREIRA,S.V.A.PESSOA",,"",,,,,
"FELGER","FELGER, R.S.",,"",,,,,
"FELGER","R.S. FELGER; ROBIN THOMAS",,"",,,,,
"FERNANDEZ","A. T. FERNÁNDEZ C.;L. CAYOLA;J. UZQUIANO;PEPE SEVILLANOS;GUZMÁN JOVE",,"",,,,,
"FERNANDEZ","F. JAVIER FERNÁNDEZ CASAS;J. MOLERO",,"",,,,,
"FERNANDEZ","ÁNGEL FERNÁNDEZ;REINA GONTO",,"",,,,,
"FERNANDEZ-ALONSO","J.L. FERNÁNDEZ-ALONSO & JARAMILLO MEJIA, R.",,"",,,,,
"FERNANDEZ-ALONSO","J.L. FERNÁNDEZ-ALONSO & R. JARAMILLO MEJÍA",,"",,,,,
"FERNANDEZ-ALONSO","JOSÉ LUIS FERNÁNDEZ-ALONSO;ROBERTO JARAMILLO-MEJÍA",,"",,,,,
"FERNANDO","FERNANDO CHIANG C.;ANTONIO SALINAS T.;OSCAR R. DORADO R.",,"",,,,,
"FERNANDO","FERNANDO CHIANG C.;GABRIEL FLORES F.",,"",,,,,
"FERRARI","FERRARI, G",,"",,,,,
"FERRARI","FERRARI, G;FERRARI, G.",,"",,,,,
"FERREIRA","FERREIRA, J.A.; FRANCISCO, E.M. & PAVÃO, O.C.",,"",,,,,
"FERREIRA","FERREIRA, J.A.;FRANCISCO, E.M.,PAVÃO, O.C.",,"",,,,,
"FERREIRA","FERREIRA, J.A.;FRANCISCO, E.M.,PAVÃO, O.C.,FRANCISCO, EM,FERREIRA, JA,PAVÃO, OC",,"",,,,,
"FERREIRA","FERREIRA, JA;FERREIRA, J.A.",,"",,,,,
"FERRIS","ROXANA S. FERRIS",,"",,,,,
"FHA","FHA; RVA; HAH",,"",,,,,
"FIEBRIG","FIEBRIG, K.A.G. (NO. 1358)",,"",,,,,
"FLEETWOOD","R. J. FLEETWOOD",,"",,,,,
"FLORES","A. FLORES M.",,"",,,,,
"FLORES","A. FLORES M.; O. GUTIÉRREZ",,"",,,,,
"FLORES","A. FLORES; J. LEÓN",,"",,,,,
"FLORES","A. FLORES; O. GUTIÉRREZ",,"",,,,,
"FLORES","A. FLORES; O. GUTIÉRREZ; A. DELUCIO",,"",,,,,
"FLORES-MACIAS","A. FLORES-MACÍAS; N.P. RAMOS G.",,"",,,,,
"FONNEGRA","FONNEGRA R.;ARBOLEDA O.;BUNCH P.",,"",,,,,
"FONNEGRA","FONNEGRA R.;CURSO TAXONOMÍA DE PLANTAS VASCULARES.",,"",,,,,
"FONNEGRA","FONNEGRA R.;IDÁRRAGA A.;VASCO A.;CURSO PALINOLOGÍA.",,"",,,,,
"FONNEGRA","FONNEGRA R.;TORRES H.",,"",,,,,
"FONNEGRA","RAMIRO FONNEGRA G.;ET AL.",,"",,,,,
"FONNEGRA-G","FONNEGRA-G, R.;ARBOLEDA, O.;BUNCH, P.",,"",,,,,
"FONSECA","A. FONSECA Z.",,"",,,,,
"FORERO","E. FORERO; R. JARAMILLO; L. M. QUIÑONES; L. A. VIDAL",,"",,,,,
"FORERO","E. FORERO;R. JARAMILLO;L. M. QUIÑONES;L. A. VIDAL",,"",,,,,
"FORERO","FORERO, O.;HERNÁNDEZ, J.;JARA, L.",,"",,,,,
"FORERO","LUIS E. FORERO;NELLY HERNÁNDEZ",,"",,,,,
"FORREST","FORREST SHREVE",,"",,,,,
"FORTHER","H. FORTHER; & AL.",,"",,,,,
"FORTUNATO","RENÉE H. FORTUNATO;MARÍA E. MÚLGURA;A. MARTÍNEZ",,"",,,,,
"FORTUNATO","RENÉE H. FORTUNATO;ROBERT NEUMANN;S. SOTO;RICARDO MICHELI",,"",,,,,
"FRANCA","FRANÇA, F.;PAULA-SOUZA, J.",,"",,,,,
"FRANCA","FRANÇA, F.;WILLIAMS, D.E.",,"",,,,,
"FRANCISCO","E.M.FRANCISCO; O.C.PAVÃO E O.M.GONÇALVES",,"",,,,,
"FRANCISCO","FRANCISCO J. ROLDÁN;LUIS CARLOS GARCÍA;G. SYLVA",,"",,,,,
"FRANCISCO","FRANCISCO JAVIER ROLDÁN;L. C. GARCÍA;G. SYLVA",,"",,,,,
"FRANCISCO","FRANCISCO, E.M.; PAVÃO, O.C.",,"",,,,,
"FRANCISCO","FRANCISCO, E.M.; PAVÃO, O.C.; GONÇALVES, O.M.",,"",,,,,
"FRANCISCO","FRANCISCO, E.M.; SOUZA, L.R.M.",,"",,,,,
"FRANCISCO","FRANCISCO, E.M.;PAVÃO, O.C.,FRANCISCO, EM,PAVÃO, OC",,"",,,,,
"FRANCISCO","FRANCISCO, E.M.;SOUZA, L.R.M.",,"",,,,,
"FRANCISCO","FRANCISCO, EM;ET AL.",,"",,,,,
"FRANCISCO","FRANCISCO, EM;SOUZA, L.R.M.,FRANCISCO, E.M.",,"",,,,,
"FREEMAN","JERRY FREEMAN",,"",,,,,
"FRIEDMAN","S. L. FRIEDMAN; C. M. SMITH",,"",,,,,
"FRIEDMAN","S. L. FRIEDMAN; G. HALL",,"",,,,,
"FRIEDMAN","S. L. FRIEDMAN; J. L. ANDERSON, C. D. BERTELSEN, J. EMMETT, K. J. JOHNSON, S. A. MEYER",,"",,,,,
"FRIEDMAN","S. L. FRIEDMAN; W. E. HALL",,"",,,,,
"FRIES","R.E. FRIES;,FRIES",,"",,,,,
"FRYXELL","FRYXELL, PA; ANDERSON, WR",,"",,,,,
"FRYXELL","FRYXELL, PA;FRYXELL, P.A.,ANDERSON, W.R.",,"",,,,,
"FRYXELL","P. A. FRYXELL; W. R. ANDERSON",,"",,,,,
"FRYXELL","PAUL A. FRYXELL; W. R. ANDERSON",,"",,,,,
"FUENTES","ALFREDO F. FUENTES;L. CAYOLA;B. ESCOBARI;C. APARICIO;P. DE LA PEÑA;A. ITURRI;A. FERNANDEZ;D. MAMANI;J. MAMANI",,"",,,,,
"FUENTES","ALFREDO F. FUENTES;L. CAYOLA;B. ESCOBARI;C. APARICIO;P. DE LA PEÑA;A. ITURRI;A. FERNANDEZ;D. MAMANI;J. MAMANI;REMBERTO JOVE",,"",,,,,
"FUENTES","ALFREDO F. FUENTES;S. ALVAREZ;ANTONIO ÁLVAREZ;N. ORTUÑO;J. NINA",,"",,,,,
"FUERTE","MARCOS FUERTE O.",,"",,,,,
"GABRIELA","CARMEN GABRIELA SUÁREZ GRACIDA",,"",,,,,
"GALAN","GALÁN,P. & CALDERÓN,A.",,"",,,,,
"GALAN","GALÁN,P. & SALGADO,J.",,"",,,,,
"GALAN","GALÁN,P., MARROQUÍN,J., SEGURA,J. & ELÍAS,H.E.",,"",,,,,
"GALAN","GALÁN,P., RODRÍGUEZ,D. & SÁNCHEZ,R.",,"",,,,,
"GALAN","GALÁN,P., VILLACORTA,A., BOLAÑOS,O., SANTOS,J. & BERRÍOS,A.",,"",,,,,
"GALAN","P. GALÁN;A. CALDERÓN",,"",,,,,
"GALAN","P. GALÁN;B.J. PEÑA",,"",,,,,
"GALAN","P. GALÁN;DAGOBERTO RODRÍGUEZ;R. SÁNCHEZ",,"",,,,,
"GANEV","GANEV, W.;LOVATO, M.C.",,"",,,,,
"GARCIA","A. REYES GARCÍA; J. E. GORDON",,"",,,,,
"GARCIA-BARRIGA","HERNANDO GARCÍA-BARRIGA",,"",,,,,
"GARCIA-BIELMA","M.A. GARCÍA-BIELMA",,"",,,,,
"GARVIZU","GARVIZU, M.; MUNOZ, CON M.; ARIMOSA, A.",,"",,,,,
"GENTRY","AL GENTRY; MCCLURE",,"",,,,,
"GENTRY","ALWYN H. GENTRY;A. REPIZZO;CÉSAR E. BARBOSA;ROSA ORTIZ",,"",,,,,
"GENTRY","ALWYN H. GENTRY;ADRIAN JUNCOSA",,"",,,,,
"GENTRY","ALWYN H. GENTRY;CAMILO DÍAZ S.",,"",,,,,
"GENTRY","ALWYN H. GENTRY;CAMILO DÍAZ S.;C. BLANEY",,"",,,,,
"GENTRY","ALWYN H. GENTRY;CARLOS A. PALACÍ",,"",,,,,
"GENTRY","ALWYN H. GENTRY;DOUGLAS C. DALY;HENRY LEÓN",,"",,,,,
"GENTRY","ALWYN H. GENTRY;HERMES CUADROS V.",,"",,,,,
"GENTRY","ALWYN H. GENTRY;MARIELOS PEÑA",,"",,,,,
"GENTRY","ALWYN H. GENTRY;MICHAEL H. NEE;MARIO SALDIAS P.",,"",,,,,
"GENTRY","ALWYN H. GENTRY;RODOLFO DIRZO;LINDSAY P. WOODRUFF;BRAD BOYLE",,"",,,,,
"GENTRY","ALWYN H. GENTRY;UNAM TROPICAL ECOLOGY CLASS",,"",,,,,
"GENTRY","GENTRY; MCCLURE",,"",,,,,
"GERARDO","GERARDO AYMARD;FRANCISCO J. ORTEGA;NIDIA CUELLO",,"",,,,,
"GERARDO","GERARDO AYMARD;NIDIA CUELLO",,"",,,,,
"GERMAN","GERMÁN PARRA",,"",,,,,
"GOMEZ","LEÓN GÓMEZ C.",,"",,,,,
"GONZALEZ","C. GONZÁLEZ R.",,"",,,,,
"GONZALEZ","CLAUDIA GONZALEZ ROMO",,"",,,,,
"GONZALEZ","F. GONZÁLEZ MEDRANO; C. DELGADILLO; M. HERNÁNDEZ",,"",,,,,
"GONZALEZ","F. GONZÁLEZ MEDRANO; D. CORONA; S. CORTÉS; E. MARTÍNEZ S.",,"",,,,,
"GONZALEZ","F. GONZÁLEZ MEDRANO; H. PUIG; J. SÁNCHEZ",,"",,,,,
"GONZALEZ","F. GONZÁLEZ MEDRANO; V. M. TOLEDO; E. MARTÍNEZ S.",,"",,,,,
"GONZALEZ","GONZALEZ ORTEGA, J.",,"",,,,,
"GONZALEZ","GONZÁLEZ, ROY;CASTAÑO, A;DEVIA, W.",,"",,,,,
"GONZALEZ","GONZÁLEZ, ROY;IDÁRRAGA, ÁLVARO;J, LAZARO;M, ALEXANDER",,"",,,,,
"GONZALEZ","GONZÁLEZ, ROY;NIETO, J.;GARCÍA, D.",,"",,,,,
"GONZALEZ","J. E. GONZÁLEZ H.",,"",,,,,
"GONZALEZ","J. E. GONZÁLEZ H.; M. G. ZOLA B.",,"",,,,,
"GONZALEZ","J. E. GONZÁLEZ H.;M. G. ZOLA B.",,"",,,,,
"GONZALEZ","J. GONZÁLEZ",,"",,,,,
"GONZALEZ","J.E. GONZÁLEZ H.",,"",,,,,
"GONZALEZ","J.E. GONZÁLEZ H.; M.G. ZOLÁ B.",,"",,,,,
"GONZALEZ","R. GONZÁLEZ M.;A. CASTAÑO N.;W. DEVIA",,"",,,,,
"GONZALEZ-MEDRANO","F. GONZÁLEZ-MEDRANO; C. DELGADILLO M.; M. HERNÁNDEZ",,"",,,,,
"GONZALEZ-ROMO","C. GONZÁLEZ-ROMO",,"",,,,,
"GRIJALVA","A. GRIJALVA",,"",,,,,
"GRIJALVA","A. GRIJALVA; M. V. SANDINO",,"",,,,,
"GRIJALVA","ALFREDO GRIJALVA P.;D. SOZA",,"",,,,,
"GRIJALVA","ALFREDO GRIJALVA P.;M. ARANDA",,"",,,,,
"GRIJALVA","ALFREDO GRIJALVA P.;M. V. SANDINO",,"",,,,,
"GUADALUPE","MARIA GUADALUPE AYALA",,"",,,,,
"GUERRERO","B. GUERRERO C.; A. GOLBER; L. ROBLES",,"",,,,,
"GUERRERO","B. GUERRERO C.; A.D. GOLBERG",,"",,,,,
"GUERRERO","MARCELA RUIZ GUERRERO; ALBERT VAN DER HEIDEN, E. GARCÍA, PRISCILIANO MEJIA, ALWIN VAN DER HEIDEN, H. PLASCENCIA G.",,"",,,,,
"GUERRERO","MARCELA RUIZ GUERRERO; MARÍA ELENA GARCÍA ARMENTA",,"",,,,,
"GUERRERO","MARCELA RUIZ GUERRERO; MARÍA ELENA GARCÍA ARMENTA, PRISCILIANO MEJÍA MORA",,"",,,,,
"GUILLERMO","GUILLERMO REINA",,"",,,,,
"GUTIERREZ","C. GUTIÉRREZ B.; E. MONTOYA L.",,"",,,,,
"GUTIERREZ","C. GUTIÉRREZ B.; L. GUERRERO",,"",,,,,
"GUTIERREZ","C. GUTIÉRREZ S.; E. MONTOYA",,"",,,,,
"GUTIERREZ","KENIA VELÁSCO GUTIÉRREZ; A. SÁNCHEZ; ARTURO NAVA ZAFRA",,"",,,,,
"GUTIERREZ-BAEZ","C. GUTIÉRREZ-BÁEZ; E. MONTOYA",,"",,,,,
"GUTIERREZ-BAEZ","C. GUTIÉRREZ-BÁEZ; L. GUERRERO U.",,"",,,,,
"GUZMAN","M. GUZMÁN; D. CASTRO; A. MONTIEL",,"",,,,,
"GUZMAN","M. GUZMÁN;A. MONTIEL J.;D. CASTRO C.",,"",,,,,
"GUZMAN","M. GUZMÁN;D. CASTRO C.",,"",,,,,
"GUZMAN","M. GUZMÁN;D. CASTRO C.;A. MONTIEL J.",,"",,,,,
"HAAS","HAAS JH DE",,"",,,,,
"HAGE","HAGE, J.L.;NEFFA, V.S.",,"",,,,,
"HARLING","HARLING",,"",,,,,
"HARLING","HARLING & ANDERSSON",,"",,,,,
"HARRIMAN","HARRIMAN NA; JANSEN B",,"",,,,,
"HARRIMAN","NEIL A. HARRIMAN; JULIE ALLEN, BETTIE HARRIMAN, ROBERT JANSEN, JOHN L. KASPAR, BRUCE PARFITT",,"",,,,,
"HARTMAN","R. L. HARTMAN; V. A. FUNK; F. CHIANG C.",,"",,,,,
"HARTMAN","RONALD L. HARTMAN;V. A. FUNK;FERNANDO CHIANG C.",,"",,,,,
"HASSLER","HASSLER, E. (DR.)",,"",,,,,
"HASTINGS","J. R. HASTINGS",,"",,,,,
"HASTINGS","J. R. HASTINGS; R. M. TURNER",,"",,,,,
"HASTINGS","J. R. HASTINGS; R.M. TURNER",,"",,,,,
"HASTINGS","J. R. HASTINGS; R.M.TURNER",,"",,,,,
"HERBARIUM","T. S. BRANDEGEE (HERBARIUM)",,"",,,,,
"HERMILO","HERMILO J. QUERO RICO;ROSAURA GRETHER;H.M. FLORES-OLVERA",,"",,,,,
"HERNANDEZ","BRÍGIDO SANTIAGO HERNÁNDEZ",,"",,,,,
"HERNANDEZ","FAUSTINO HERNÁNDEZ A.; JUAN A. GUTIÉRREZ G.; RITO VEGA A.",,"",,,,,
"HERNANDEZ","HERNÁNDEZ ALVAREZ FAUSTINO",,"",,,,,
"HERNANDEZ","HERNÁNDEZ ALVAREZ FAUSTINO; GUTIÉRREZ G. JUAN A.; VEGA A. RITO",,"",,,,,
"HERNANDEZ","HERNÁNDEZ,M.A.",,"",,,,,
"HERNANDEZ","HÉCTOR HERNÁNDEZ MACÍAS; W. D. STEVENS",,"",,,,,
"HERNANDEZ","HÉCTOR M. HERNÁNDEZ M.;W. D. STEVENS",,"",,,,,
"HERNANDEZ","L.G. HERNÁNDEZ S.",,"",,,,,
"HERNANDEZ","M. A. HERNÁNDEZ",,"",,,,,
"HIERONYMUS","P. G. LORENTZ ET G. HIERONYMUS",,"",,,,,
"HOLM-NIELSEN","HOLM-NIELSEN ET AL.",,"",,,,,
"HOLM-NIELSEN","HOLM-NIELSEN LB; JEPPESEN S; ET AL.",,"",,,,,
"HOLM-NIELSEN","L. HOLM-NIELSEN, S. JEPPESEN, B. LØJTNANT & B. ØLLGAARD",,"",,,,,
"HOLM-NIELSEN","L.B. HOLM-NIELSEN;ET AL.",,"",,,,,
"HOMEIER","J. HOMEIER",,"",,,,,
"HOMEIER","JÜRGEN HOMEIER;FLORIAN A. WERNER",,"",,,,,
"HOTCHKISS","N. HOTCHKISS",,"",,,,,
"HUESCA","F. HUESCA M.",,"",,,,,
"HUGHES","C. HUGHES; S. SALAS M.; M. ELORSA C.; J. RIVERA H.",,"",,,,,
"HUGUES","COLIN HUGUES; SILVIA H. SALAS M.; MISAEL ELORSA C.; J. RIVERA H.",,"",,,,,
"HUMBERTO","HUMBERTO RENDÓN CARMONA",,"",,,,,
"HUNZIKER","HUNZIKER, A. T.;COCUCCI, A. E.",,"",,,,,
"HUNZIKER","HUNZIKER, AT",,"",,,,,
"HUNZIKER","HUNZIKER, AT; COCUCCI, AE",,"",,,,,
"HUNZIKER","HUNZIKER, AT;HUNZIKER, A.T.,COCUCCI, A.E.",,"",,,,,
"HUTCHISON","PAUL C. HUTCHISON;J. KENNETH WRIGHT",,"",,,,,
"IBARRA","G. IBARRA M.",,"",,,,,
"IDARRAGA","A. IDÁRRAGA;R. GONZÁLEZ;D. MOLINA;C. SANCHÉZ;P. MORALES;IVAN LÓPEZ.",,"",,,,,
"IDARRAGA","IDÁRRAGA, ÁLVARO;MOLINA, D;ZAPATA, A",,"",,,,,
"IDARRAGA-PIEDRAHITA","ÁLVARO IDÁRRAGA-PIEDRAHITA;DIEGO ALEJANDRO MOLINA;ET AL.",,"",,,,,
"IDARRAGA-PIEDRAHITA","ÁLVARO IDÁRRAGA-PIEDRAHITA;JULIO C. BETANCUR B.;D. SUESCÚN",,"",,,,,
"IGNACIO","J. IGNACIO VALDEZ H.; JOSÉ GARCÍA P.",,"",,,,,
"ILLESCAS","MARISELA ILLESCAS R.",,"",,,,,
"INVESTIGACION","GRUPO DE INVESTIGACIÓN ECOLOGÍA Y DIVERSIDAD VEGETAL",,"",,,,,
"JAGG","JAGG; JMAP",,"",,,,,
"JAHV","JAHV; JAGG",,"",,,,,
"JAMESON","JAMESON",,"",,,,,
"JARA","A. JARA;N. CUMBICUS",,"",,,,,
"JARDIM","ANTONY JARDIM;ET AL.",,"",,,,,
"JARDIM","ANTONY JARDIM;FABIANA MAMANI M.",,"",,,,,
"JARDIM","ANTONY JARDIM;G. MOSCOSO",,"",,,,,
"JARDIM","ANTONY JARDIM;N. ROSAS-HURTADO",,"",,,,,
"JENIFFER","JENIFFER DIAZ;CAROLINA CASTELLANOS CASTRO;ANA PEREZ",,"",,,,,
"JENIFFER","JENIFFER DIAZ;MICHAEL WAY;CAROLINA CASTELLANOS CASTRO",,"",,,,,
"JENIFFER","JENIFFER DÍAZ;MICHAEL WAY;CAROLINA CASTELLANOS",,"",,,,,
"JENIFFER","JENIFFER V. DIAZ;CAROLINA CASTELLANOS;ANA PEREZ",,"",,,,,
"JIMENEZ","L. ALFREDO PEREZ JIMENEZ",,"",,,,,
"JONES","FRED B. JONES",,"",,,,,
"JONES","S. JONES; G. JONES",,"",,,,,
"JORGE","JORGE RUÍZ;MARÍA C. FANDIÑO",,"",,,,,
"JORGENSEN","PEDRO JÖRGENSEN;ÉMILE HASSLER",,"",,,,,
"JOSEPH","JOSEPH LOPEZ",,"",,,,,
"KEIL","D. KEIL; T. F. DANIEL; M. MOHLENBROCK; M. L. BUTTERWICK; P. GALLAGHER; D. WOOD",,"",,,,,
"KIESLING","ROBERTO KIESLING;NUNCIA M. TUR;EMILIO A. ULIBARRI",,"",,,,,
"KILLIP","E. P. KILLIP, A. DUGAND & R. JARAMILLO",,"",,,,,
"KNIGHT","P.J. KNIGHT; J.M. DUKE; LIMERICK",,"",,,,,
"KRAPOVICKAS","ANTONIO  C. KRAPOVICKAS;AURELIO SCHININI",,"",,,,,
"KRAPOVICKAS","ANTONIO  C. KRAPOVICKAS;AURELIO SCHININI;G.E. PIESZKO",,"",,,,,
"KRAPOVICKAS","KRAPOVICKAS, A.; ET AL.",,"",,,,,
"KUKLMANN","J.G. KUKLMANN",,"",,,,,
"LANDRUM","R. LANDRUM; S. LANDRUM, M. VERA",,"",,,,,
"LANGLASS","LANGLASS  , E.",,"",,,,,
"LANGLASSE","LANGLASSÉ, E.",,"",,,,,
"LANGLASSE","LANGLASSÉ,E.",,"",,,,,
"LAURENCE","LAURENCE J. DORR",,"",,,,,
"LAZARTE","M. LAZARTE;ET AL.",,"",,,,,
"LEAVENWORTH","WILLIAM C. LEAVENWORTH",,"",,,,,
"LEAVENWORTH","WILLIAM C. LEAVENWORTH;HARRY HOOGSTRAAL",,"",,,,,
"LEGNAME","LEGNAME, -",,"",,,,,
"LENNA","M.J.DE LENNA",,"",,,,,
"LENTZ","DAVID LENTZ",,"",,,,,
"LEON","J. L. LEÓN DE LA LUZ",,"",,,,,
"LEON","LEÓN",,"",,,,,
"LETICIA","MARÍA LETICIA TORRES C.;ABISAÍ J. GARCÍA-MENDOZA;LUIS CORTÉS A.;CIPRIANO MARTÍNEZ R.;JUVENAL PÉREZ",,"",,,,,
"LEUENBERGER","LEUENBERGER, B. E.;ARROYO-LEUENBERGER, S. C. & EGGLI, U.",,"",,,,,
"LEWIS","LEWIS, -",,"",,,,,
"LIESNER","RONALD L. LIESNER;ÁNGEL C. GONZÁLEZ;R.C. WINGFIELD",,"",,,,,
"LINDEMAN","J.C. LINDEMAN ; J.H. DE HAAS",,"",,,,,
"LINDEMAN","J.C. LINDEMAN; J.H.DE HAAS",,"",,,,,
"LINDEMAN","LINDEMAN, J.C.;HAAS, H.",,"",,,,,
"LINDEMAN","LINDEMAN, JC; HAAS, H",,"",,,,,
"LINDEMAN","LINDEMAN, JC;LINDEMAN, J.C.,HAAS, H.",,"",,,,,
"LLANO","LLANO, M. DEL",,"",,,,,
"LLANOS","FANY LLANOS;J. CAMACHO",,"",,,,,
"LLIULLY","ARIEL LLIULLY;REINALDO LOZANO;O. APAZA",,"",,,,,
"LONARD","R. LONARD",,"",,,,,
"LONARD","ROBERT LONARD",,"",,,,,
"LONDONO-L","LONDOÑO-L, V;ET AL.",,"",,,,,
"LONGHI","LONGHI, S. .J.",,"",,,,,
"LONGWORTH","CYRUS LONGWORTH LUNDELL",,"",,,,,
"LONGWORTH","CYRUS LONGWORTH LUNDELL;AMELIA A. LUNDELL",,"",,,,,
"LOPEZ","H. LÓPEZ R.; VERÓNICA",,"",,,,,
"LOPEZ","H. LÓPEZ; V.E. ESPEJEL",,"",,,,,
"LOPEZ","JORGE L. MORA LÓPEZ; A. MORA",,"",,,,,
"LOPEZ","LÓPEZ, M.",,"",,,,,
"LOPEZ","LÓPEZ, R.;RODRÍGUEZ, N.;CÁRDENAS, F.",,"",,,,,
"LOPEZ","LÓPEZ, RENÉ;NIETO, JHON;CARDENAS, LUIS",,"",,,,,
"LOPEZ","RÉNE LÓPEZ;VIVIANA SALINAS;ROY GONZALEZ;FABIAN GARZÓN;VANBUREN WARD;GLORIA MURCIA;ANDRES BARONA;HERNANDO GARCIA;MARIO MORENO;BERNARDO BERNARD;RODOLFO HAWKINS;HAWTHORN NEWBAL",,"",,,,,
"LOPEZ-C","LÓPEZ-C., RENE;RODRIGUEZ, NELLY;CARDENAS, FREDY",,"",,,,,
"LORENTZ","LORENTZ, P. G.;HIERONYMUS, G. H. E. W.",,"",,,,,
"LORENTZ","P. G. LORENTZ & G. H. E. W. HIERONYMUS",,"",,,,,
"LORENTZ","P.G. LORENTZ & G. HIERONYMUS",,"",,,,,
"LORENTZ","P.G. LORENTZ;G. HIERONYMUS",,"",,,,,
"LOT","LOT A; ET AL.",,"",,,,,
"LOTT","E.J. LOTT; A.C. SANDERS",,"",,,,,
"LOURDES","LOURDES QUISPE;M. CORNEJO;P.M. JØRGENSEN;ROLANDO CUEVAS;R. ECHAVE;V. APAZA;M. CUEVAS",,"",,,,,
"LOURDES","LOURDES QUISPE;M. CORNEJO;P.M. JØRGENSEN;ROLANDO CUEVAS;V. APAZA;M. TINTAYA;M. CUEVAS",,"",,,,,
"LOVATO","LOVATO, M.C.; ET AL.",,"",,,,,
"LOVATO","LOVATO, M.C.;M.C. LOVATO",,"",,,,,
"LOVATO","M.C. LOVATO",,"",,,,,
"LOVATO","M.C.LOVATO; ET AL.",,"",,,,,
"LOVATO","M.C.LOVATO; ET AL.; ET AL.",,"",,,,,
"LOWY","P. LOWY",,"",,,,,
"LOZADA","L. LOZADA P.",,"",,,,,
"LUIS","JOSE LUIS LUZ",,"",,,,,
"LUNA","J. J. DE LUNA",,"",,,,,
"LUNA","LUNA",,"",,,,,
"LUNA","V.E. LUNA M.; M.G. ZOLA B.",,"",,,,,
"LUNDELL","C. L. LUNDELL; AMELIA A. LUNDELL",,"",,,,,
"LUNDELL","C.L. LUNDELL; AMELIA A. LUNDELL",,"",,,,,
"MAAS","MAAS PJM; CHATROU LW; REPETUR CP; CLARK JL",,"",,,,,
"MAAS","MAAS, P.M.J.; CHATROU, L.W.; REPETUR, C.P.; CLARK, J.L.",,"",,,,,
"MADSEN","JENS E. MADSEN;O.A. SÁNCHEZ",,"",,,,,
"MAGALLANES","J. ARTURO S. MAGALLANES",,"",,,,,
"MAGALLANES","J. ARTURO S. MAGALLANES; PABLO BASURTO",,"",,,,,
"MAGALLANES","J. MAGALLANES",,"",,,,,
"MAGALLANES","J.A. SOLÍS MAGALLANES",,"",,,,,
"MAHECHA","MAHECHA, G.;CORREDOR, A.",,"",,,,,
"MAJARREZ","JULIETA ÁLVAREZ MAJARREZ; ABRAHAM SOLÍS RODRÍGUEZ; OSCAR ZÁRATE MARTÍNEZ; ROBERTO GARIBAY ORIJEL; RODOLFO ÁNGELES ARGAÍZ",,"",,,,,
"MALME","MALME, G.A.O.",,"",,,,,
"MALVAREZ","MALVAREZ MR",,"",,,,,
"MANUEL","MANUEL YANEZ",,"",,,,,
"MARANTA","MARANTA, A.",,"",,,,,
"MARCOS","MARCOS O.",,"",,,,,
"MARESTONI","MARESTONI, TM;MARESTONI, T.M.,FRANCISCO, E.M.,CERVIGNE, N.S.",,"",,,,,
"MARGARITA","MARGARITA CASTRO",,"",,,,,
"MARMOL","MARMOL, L. A.",,"",,,,,
"MARMORI","MARMORI, GC",,"",,,,,
"MARMORI","MARMORI, GC;MARMORI, G.C.",,"",,,,,
"MARTINEZ","ARTURO SÁNCHEZ MARTÍNEZ; ARTURO NAVA ZAFRA",,"",,,,,
"MARTINEZ","ARTURO SÁNCHEZ MARTÍNEZ; ARTURO NAVA ZAFRA; KENIA VELASCO GUTIÉRREZ",,"",,,,,
"MARTINEZ","ARTURO SÁNCHEZ MARTÍNEZ; ARTURO NAVA ZAFRA; SILVIA H. SALAS M.",,"",,,,,
"MARTINEZ","ARTURO SÁNCHEZ MARTÍNEZ; M. HERNÁNDEZ; F. MALDONADO; ARTURO NAVA ZAFRA",,"",,,,,
"MARTINEZ","ARTURO SÁNCHEZ MARTÍNEZ;G. JUÁREZ;SILVIA SALAS M.",,"",,,,,
"MARTINEZ","C. MARTÍNEZ R.",,"",,,,,
"MARTINEZ","E. MARTÍNEZ S.; A. IBARRA",,"",,,,,
"MARTINEZ","E. MARTÍNEZ S.; A. VALIENTE B.; L. PÉREZ; C.C. VANEGAS",,"",,,,,
"MARTINEZ","E. MARTÍNEZ S.; ALFONSO VALIENTE BANUET; LAURA PÉREZ DEL VALLE C.; C. VANEGAS",,"",,,,,
"MARTINEZ","E. MARTÍNEZ S.; D. ALVAREZ; S. RAMÍREZ",,"",,,,,
"MARTINEZ","E. MARTÍNEZ S.; J. CASTREJÓN",,"",,,,,
"MARTINEZ","E. MARTÍNEZ S.; M. ELORSA; J. RIVERA; SILVIA H. SALAS M.; B. CRUZ",,"",,,,,
"MARTINEZ","E. MARTÍNEZ S.; MISAEL ELORSA C.; CATHERINE PERRET",,"",,,,,
"MARTINEZ","E. MARTÍNEZ S.; S. SALAS M.; J. RIVERA H.; M. ELORSA C.",,"",,,,,
"MARTINEZ","E.M. MARTÍNEZ S.; A. VALIENTE B.; L. PÉREZ DEL VALLE C.; C. VANEGAS",,"",,,,,
"MARTINEZ","ESTEBAN M. MARTÍNEZ S.;A. VALIENTE B.;L. PÉREZ DEL VALLE C.;C. VANEGAS",,"",,,,,
"MARTINEZ","ESTEBAN M. MARTÍNEZ S.;DEMETRIO ÁLVAREZ M.;SANTIAGO RAMÍREZ A.",,"",,,,,
"MARTINEZ","F. MARTÍNEZ M.; G. BORJA L.",,"",,,,,
"MARTINEZ","F. MARTÍNEZ MARTÍNEZ;G. BORJA LUVANDO",,"",,,,,
"MARTINEZ","F. MARTÍNEZ; G. BORJA LUYANDO",,"",,,,,
"MARTINEZ","ISAÍAS MARTÍNEZ",,"",,,,,
"MARTINEZ","J. MARTÍNEZ G.; ET AL.",,"",,,,,
"MARTINEZ","J. MARTÍNEZ G.; F. VÁZQUEZ B.",,"",,,,,
"MARTINEZ","J. MARTÍNEZ G.; M. NEE; K. TAYLOR",,"",,,,,
"MARTINEZ","J. MARTÍNEZ G.; R. ACOSTA P.",,"",,,,,
"MARTINEZ","J. MARTÍNEZ GARCÍA; GAMA L.; T. MEJÍA; F. VÁSQUEZ",,"",,,,,
"MARTINEZ","J. MARTÍNEZ GARCÍA; M. NEE; K. TAYLOR",,"",,,,,
"MARTINEZ","J. MARTÍNEZ GARCÍA; R. ACOSTA P.",,"",,,,,
"MARTINEZ","J. MARTÍNEZ M.",,"",,,,,
"MARTINEZ","M. MARTÍNEZ Y D. DE S.; M. MARTÍNEZ-HERNÁNDEZ; L.G. HERNÁNDEZ S.",,"",,,,,
"MARTINEZ","M. MARTÍNEZ; E.M. MARTÍNEZ; L. HERNÁNDEZ",,"",,,,,
"MARTINEZ","MAHINDA MARTÍNEZ; MANUEL MTZ.; L. HERNÁNDEZ",,"",,,,,
"MARTINEZ","MAHINDA MARTÍNEZ;M. MARTÍNEZ;LUIS HERNÁNDEZ SANDOVAL",,"",,,,,
"MARTINEZ","MARTÍNEZ S.; E.; ALVAREZ, D; RAMIREZ, S",,"",,,,,
"MARTINEZ","MARTÍNEZ S.;E.,ALVAREZ, D.,RAMIREZ, S.",,"",,,,,
"MARTINEZ","MARTÍNEZ,I.",,"",,,,,
"MARTINEZ-GARCIA","J. MARTÍNEZ-GARCÍA",,"",,,,,
"MARTINEZ-GARCIA","J. MARTÍNEZ-GARCÍA; F. VÁZQUEZ B.",,"",,,,,
"MARTINEZ-GARCIA","J. MARTÍNEZ-GARCÍA; L. GAMA C.; M.T. MEJÍA-SAULÉS; F. VÁZQUEZ B.",,"",,,,,
"MARTINEZ-GARCIA","J. MARTÍNEZ-GARCÍA; L. GAMA; T. MEJÍA S.; F. VÁSQUEZ",,"",,,,,
"MARTINEZ-GARCIA","J. MARTÍNEZ-GARCÍA; M. NEE; K. TAYLOR",,"",,,,,
"MARTINEZ-GARCIA","J. MARTÍNEZ-GARCÍA; R. ACOSTA",,"",,,,,
"MARTINEZ-GARCIA","J. MARTÍNEZ-GARCÍA; R. ACOSTA P.",,"",,,,,
"MARULANDA","MARULANDA O.;LÓPEZ C.;LÓPEZ M.;IDÁRRAGA A.;MONTOYA M.",,"",,,,,
"MASON","MASON, H.L.",,"",,,,,
"MATURO","MATURO, H.",,"",,,,,
"MCVAUGH","ROGERS MCVAUGH & WALTER N. KOELZ",,"",,,,,
"MEAVE","JORGE A. MEAVE;EDUARDO A. PÉREZ-GARCÍA",,"",,,,,
"MEDEIROS","A.S. MEDEIROS",,"",,,,,
"MEDINA","M. E. MEDINA A.",,"",,,,,
"MELENDEZ","E. MELÉNDEZ L.; M.N. MORENO; R. REYES",,"",,,,,
"MELENDEZ","EMERIT MELÉNDEZ L.; MA. NEREYDA MORENO; ROBERTO REYES",,"",,,,,
"MELENDEZ","MARTINEZ MELENDEZ, NAYELY",,"",,,,,
"MELENDEZ","MELENDEZ, JORGE MARTINEZ",,"",,,,,
"MELLO-SILVA","MELLO-SILVA, R; FORZZA, RC; MARCATO, AC",,"",,,,,
"MELLO-SILVA","MELLO-SILVA, R;MARCATO, A.C.,MELLO-SILVA, R.,FORZZA, R.C.",,"",,,,,
"MELLO-SILVA","R. MELLO-SILVA;R.C. FORZZA,A.C. MARCATO",,"",,,,,
"MELO","MELO, E.;KELLER, H.A.",,"",,,,,
"MENACHO","M. MENACHO;Z. LÓPEZ",,"",,,,,
"MENDEZ","M. MÉNDEZ G.; P. SIMÁ P.",,"",,,,,
"MENDEZ","M. MÉNDEZ; P. SIMÁ",,"",,,,,
"MENDOZA","MENDOZA, HUMBERTO;REPIZZO, AUGUSTO;GORDILLO, H.",,"",,,,,
"MERELES","FÁTIMA MERELES;ROSA DEGEN",,"",,,,,
"MICHAEL","MICHAEL H. NEE;A. MOLINA O.",,"",,,,,
"MICHAEL","MICHAEL H. NEE;D. VILLARROEL;OSCAR COLQUE",,"",,,,,
"MICHAEL","MICHAEL H. NEE;G. COIMBRA S.",,"",,,,,
"MICHAEL","MICHAEL H. NEE;ISRAEL G. VARGAS C.",,"",,,,,
"MICHAEL","MICHAEL H. NEE;IVAN LINNEO",,"",,,,,
"MICHAEL","MICHAEL H. NEE;K. TAYLOR",,"",,,,,
"MICHAEL","MICHAEL H. NEE;MARIO SALDIAS P.",,"",,,,,
"MICHAEL","MICHAEL H. NEE;MOISES MENDOZA",,"",,,,,
"MICHAEL","MICHAEL H. NEE;W. ROBLETO T.",,"",,,,,
"MICHAEL","MICHAEL NEE;K TAYLOR",,"",,,,,
"MICHEL","MICHEL;ET AL.",,"",,,,,
"MIKICH","MIKICH, SB",,"",,,,,
"MINK","J.N. MINK",,"",,,,,
"MOLAS","LIDIA PÉREZ DE MOLAS;VICTOR VERA",,"",,,,,
"MOLINA","SAMUEL MOLINA BENDE",,"",,,,,
"MONRO","MONRO,A.K., CARBALLO,R.A., CASTANEDA,H. & DE LÓPEZ,C.",,"",,,,,
"MONTOYA","MONTOYA M.",,"",,,,,
"MORA-LOPEZ","J.L. MORA-LÓPEZ",,"",,,,,
"MORA-OLIVO","A. MORA-OLIVO",,"",,,,,
"MORAES","MÓNICA MORAES;ET AL.",,"",,,,,
"MORALES","J. MORALES CAN;MERVIN PÉREZ;EDSON CARDONA",,"",,,,,
"MOREL","MOREL I",,"",,,,,
"MOREL","MOREL J.",,"",,,,,
"MOREL","MOREL, I.",,"",,,,,
"MORENO","MORENO GAONA, D. A.;DÍAZ PÉREZ, C. N.;GIL NOVOA, J. E.;OLAYA, A.;J. A.",,"",,,,,
"MORENO","P. MORENO; J. HENRICH",,"",,,,,
"MORENO","P. P. MORENO;JAMES E. HENRICH",,"",,,,,
"MORENO","PEDRO P. MORENO",,"",,,,,
"MORRONE","OSVALDO MORRONE;NORMA B. DEGINANI;ANA M. CIALDELLA",,"",,,,,
"MORRONE","OSVALDO MORRONE;NORMA B. DEGINANI;SANDRA S. ALISCIONI",,"",,,,,
"MOSQUEIRA","E. MOSQUEIRA;I. LOZA;E. RENJIFO;R. VILLANUEVA;LANDER CUEVAS",,"",,,,,
"MRG","MRG; MEGA",,"",,,,,
"MRG","MRG; MEGA; AYVC",,"",,,,,
"MRG","MRG; MEGA; PMM",,"",,,,,
"MULGURA","MARÍA E. MÚLGURA;SANDRA S. ALISCIONI;MANUEL J. BELGRANO;ANDRES E. JOHNSON;M.A. ROMERO",,"",,,,,
"MULGURA","MÚLGURA DE ROMERO, ME; ALISCIONI, SS; BELGRANO, MJ; JOHNSON, AE; ROMERO, M",,"",,,,,
"MULGURA","MÚLGURA DE ROMERO, ME;JOHNSON, A.E.,ROMERO, M.,BELGRANO, M.J.,ROMERO,,ALISCIONI, S.S.,MÚLGURA DE ROMERO, M.E.",,"",,,,,
"NARVAEZ","ALFONSO MEDEL NARVAEZ",,"",,,,,
"NARVAEZ","NARVÁEZ",,"",,,,,
"NASCIMENTO","NASCIMENTO, M.T; RABELO, G.R",,"",,,,,
"NAVA-ZAFRA","A. NAVA-ZAFRA; A. SÁNCHEZ M.; K. VELASCO-GUTIÉRREZ",,"",,,,,
"NAVARRO","G. NAVARRO;ET AL.",,"",,,,,
"NAVARRO","J. J. PÉREZ NAVARRO",,"",,,,,
"NAVARRO","NAVARRO, G.",,"",,,,,
"NEE","M. NEE & I. LINNEO",,"",,,,,
"NEE","M. NEE & M. SALDIAS P.",,"",,,,,
"NEE","M. NEE, B.F. HANSEN",,"",,,,,
"NEE","M. NEE, D. VILLARROEL & O. COLQUE",,"",,,,,
"NEE","M. NEE, M. SALIDAS P.",,"",,,,,
"NEE","M. NEE; B.F. HANSEN",,"",,,,,
"NEE","M. NEE; BRUCE F. HANSEN",,"",,,,,
"NEE","M. NEE; W. ROBLETO TÉLLEZ",,"",,,,,
"NEE","M. NÉE & K. TAYLOR",,"",,,,,
"NEE","M.NEE ET AL.",,"",,,,,
"NEE","NEE, M; TAYLOR, K",,"",,,,,
"NEFFA","NEFFA, S.",,"",,,,,
"NEILL","DAVID A. NEILL;TAMARA NÚÑEZ",,"",,,,,
"NEILL","DAVID A. NEILL;TAMARA NÚÑEZ;J. MACHUCA",,"",,,,,
"NEILL","DAVID NEILL",,"",,,,,
"NELSON","E. W. NELSON & E. A. GOLDMAN",,"",,,,,
"NEOVIS","NEOVIS DE LÓPEZ",,"",,,,,
"NOVARA","LÁZARO J. NOVARA;ET AL.",,"",,,,,
"NOVARA","NOVARA, L. J.",,"",,,,,
"NUNEZ","JOSÉ C. SOTO NÚÑEZ; SERGIO ZÁRATE P.",,"",,,,,
"NUNEZ","JOSÉ C. SOTO NÚÑEZ;SERGIO ZÁRATE P.",,"",,,,,
"NUNEZ","NUÑEZ, JCS; SOTO, AR; ROMÁN, FS",,"",,,,,
"NUNEZ","NUÑEZ, JCS;NUÑEZ, J.C.S.,SOTO, A.R.,ROMÁN, F.S.",,"",,,,,
"OLIVA","H. OLIVA; F. RAMÓN F.",,"",,,,,
"ORTEGA","J. ORTEGA",,"",,,,,
"ORTIZ","S. ORTIZ;G. CASTRO",,"",,,,,
"ORTIZ-MATINEZ","T. DE J. ORTÍZ-MATÍNEZ",,"",,,,,
"OSPINA","C. OSPINA; J. CABEZAS; O. LLANOS; B. VILLANUEVA",,"",,,,,
"OSTEN","OSTEN, C",,"",,,,,
"PAINTER","J. T. PAINTER; F. A. BARKLEY",,"",,,,,
"PAINTER","JOSEPH T. PAINTER;FRED A. BARKLEY",,"",,,,,
"PALACIOS","WALTER A. PALACIOS;DANIEL RUBIO",,"",,,,,
"PALMER","PALMER, E.",,"",,,,,
"PARADA","G.A. PARADA;V.D.  ROJAS",,"",,,,,
"PARADA","G.A. PARADA;V.D.  ROJAS;M. BETANCUR;M. HUANCA",,"",,,,,
"PARADA","G.A. PARADA;Y. INTURIAS;M. BETANCUR",,"",,,,,
"PARKS","H. B. PARKS",,"",,,,,
"PARKS","H. B. PARKS; V. L. CORY",,"",,,,,
"PARRA","G. PARRA",,"",,,,,
"PATRICIA","PATRICIA MAGAÑA RUEDA; RUÁN S. ALMEIDA; MA. GUADALUPE AYALA; RICARDO AYALA",,"",,,,,
"PATRICIA","PATRICIA MORENO; SILVIA CASTILLO; FUENSANTA RODRÍGUEZ",,"",,,,,
"PAULA-SOUZA","PAULA-SOUZA, J.; FERRUCCI, M.S.; MEZA TORRES, E.I.",,"",,,,,
"PAULA-SOUZA","PAULA-SOUZA, J.; FERRUCCI, M.S.; RANDO, J.G.; MEZA TORRES, E.I.",,"",,,,,
"PAULA-SOUZA","PAULA-SOUZA, J.;FERRUCCI, M.S.,MEZA TORRES, E.I.",,"",,,,,
"PAULA-SOUZA","PAULA-SOUZA, J.;FERRUCCI, M.S.,RANDO, J.G.,MEZA TORRES, E.I.",,"",,,,,
"PAVAO","PAVÃO, OC;PAVÃO, O.C.",,"",,,,,
"PAVETTI","C. V. PAVETTI",,"",,,,,
"PECKENPAUGH","MRS. PECKENPAUGH",,"",,,,,
"PEDERSEN","PEDERSEN T.M.",,"",,,,,
"PEDERSEN","PEDERSEN, TROELS M.",,"",,,,,
"PEDRAZA","Y. PEDRAZA",,"",,,,,
"PELOTTO","PELOTTO, J. P.",,"",,,,,
"PENA-CHOCARRO","M. PEÑA-CHOCARRO, J. DEEGEA-JUVINEL, P. GONZÁLEZ-PARINI, J. CARTES",,"",,,,,
"PENA-CHOCARRO","M. PEÑA-CHOCARRO;J. DE EGEA JUVINEL;F. GONZÁLEZ P.;J. CARTES",,"",,,,,
"PENNINGTON","PENNINGTON TD; TENORIO G",,"",,,,,
"PENNINGTON","T. D. PENNINGTON;TENORIO, GUILLERMO",,"",,,,,
"PEREIRA","ADMUNDO PEREIRA",,"",,,,,
"PEREZ","DÍAZ PÉREZ, C. N.;GIL NOVOA, J. E.;MERCADO, J.;MORALES PUENTES, M. E.",,"",,,,,
"PEREZ-GARCIA","EDUARDO A. PÉREZ-GARCÍA",,"",,,,,
"PETER","PETER LOWY",,"",,,,,
"PETERS","R. E. K. PETERS",,"",,,,,
"PHILIP","PHILIP BUNCH; O. ARBOLEDA; J. BRAND; J. SANTA",,"",,,,,
"PIETROBOM","PIETROBOM DA SILVA, MR; ZARDINI, EM",,"",,,,,
"PIETROBOM-SILVA","PIETROBOM-SILVA, MR;PIETROBOM-SILVA, M.R.,ZARDINI, E.M.",,"",,,,,
"PIRANI","J.R. PIRANI; I. CORDEIRO & D.C.ZAPPI",,"",,,,,
"PLOWMAN","PLOWMAN & ALCORN",,"",,,,,
"POPOFF","O. POPOFF;G. CUADRADO",,"",,,,,
"POPOFF","POPOFF, O.",,"",,,,,
"POTT","A. POTT; C.N. DA CUNHA; V.J. POTT; C.C.F. DE TAVARES",,"",,,,,
"POTT","POTT, A.; CUNHA, C. N. DA; POTT, V. J. & TAVARES, C. C. DE F.",,"",,,,,
"POTT","POTT, A; CUNHA, CN; POTT, VJ; TAVARES, CCF",,"",,,,,
"POTT","POTT, A;CUNHA, C.N.,POTT, A.,POTT, V.J.,TAVARES, C.C.F.",,"",,,,,
"PRINGLE","PRINGLE CG",,"",,,,,
"PRINGLE","PRINGLE, C.C.",,"",,,,,
"PRINGLE","PRINGLE, C.G. (NO. S.N.)",,"",,,,,
"PROVANCE","MITCH PROVANCE; JEFFREY S. ROSS-IBARRA",,"",,,,,
"PURPUS","PURPUS",,"",,,,,
"PURPUS","PURPUS CA",,"",,,,,
"PURPUS","PURPUS, C.A.",,"",,,,,
"QUEIROZ","L.P. QUEIROZ; R.SALAS; W.MEDINA",,"",,,,,
"QUEIROZ","L.P. QUEIROZ;R.SALAS,W.MEDINA",,"",,,,,
"QUEIROZ","QUEIROZ, L.P. DE; R. SALAS & W. MEDINA",,"",,,,,
"QUINONES","L. QUIÑONES",,"",,,,,
"RAMIREZ","A. RAMIREZ B.",,"",,,,,
"RAMIREZ","CARLOS RAMÍREZ S.",,"",,,,,
"RAMIREZ","F. RAMÍREZ R.; J. GARCÍA P.; A. SUÁREZ F.",,"",,,,,
"RAMIREZ","F. RAMÍREZ;MARIO VÉLIZ",,"",,,,,
"RAMIREZ","R. RAMÍREZ D.; J. FONSECA; F. RODRÍGUEZ; F. CUPUL; A. DELGADILLO",,"",,,,,
"RAMIREZ","RAMIREZ,C.",,"",,,,,
"RAMIREZ-DELGADILLO","R. RAMÍREZ-DELGADILLO",,"",,,,,
"REBMAN","JON P. REBMAN; J. L. ZUNIGA",,"",,,,,
"REBMAN","JON P. REBMAN; J.L. LEON DE LA LUZ, J.J. PÉREZ NAVARRO, M. DOMINGUEZ",,"",,,,,
"REBMAN","JON P. REBMAN; JOSE LUIS ZUNIGA",,"",,,,,
"REBMAN","JON REBMAN; JOSE LUIS LEON DE LA LUZ, J. PEREZ, M. DOMINGUEZ",,"",,,,,
"REBMAN","JON REBMAN; JOSÉ LUIS ZUÑIGA",,"",,,,,
"REBMAN","JON REBMAN; S. VANDERPLANK, B. WILDER, E. EZCURRA, ETC.",,"",,,,,
"REICHENBACHER","F. REICHENBACHER",,"",,,,,
"REINA","A. L. REINA G.; T. R. VAN DEVENDER; D. A. YETMAN",,"",,,,,
"REINA","A.L. REINA G.; T.R. VAN DEVENDER; R.W. VAN DEVENDER; S. MINTER; J.A. SAAVEDRA M.",,"",,,,,
"REINA","A.L. REINA; J. SÁNCHEZ E.; G.G. MORALES; T. FUENTES; O. GUTIÉRREZ",,"",,,,,
"REIS","R.C.C. REIS; M.S AAVEDRA & C.S.AGUIAR",,"",,,,,
"RENDEROS","M. A. RENDEROS",,"",,,,,
"RENDEROS","MIGUEL A. RENDEROS;ET AL.",,"",,,,,
"RENDON","H. RENDÓN C.",,"",,,,,
"RESENDE","G.S.Z.RESENDE; C.FARNEY, J.C.GOMES",,"",,,,,
"RIBAS","O.S. RIBAS; F.C. STRAUBE E A. URBEN-FILHO",,"",,,,,
"RIBAS","RIBAS, OS; SILVA, JM; STRAUBE, FC",,"",,,,,
"RIBAS","RIBAS, OS; STRAUBE, FC; URBEN FILHO, A",,"",,,,,
"RIBAS","RIBAS, OS;RIBAS, O.S.,STRAUBE, F.C.,URBEN FILHO, A.",,"",,,,,
"RIBAS","RIBAS, OS;SILVA, J.M.,RIBAS, O.S.,STRAUBE, F.C.",,"",,,,,
"RICARDO","RICARDO RUEDA; BISMARK SÁNCHEZ",,"",,,,,
"RICHARD","RICHARD S. FELGER",,"",,,,,
"RICHARD","RICHARD S. FELGER; ALBERTO BÚRQUEZ",,"",,,,,
"RICHARD","RICHARD S. FELGER; ALEXANDER RUSSELL",,"",,,,,
"RICHARD","RICHARD S. FELGER; ALEXANDER RUSSELL, JEAN RUSSELL",,"",,,,,
"RICHARD","RICHARD S. FELGER; BENJAMIN T. WILDER AND ABRAM FLEISHMAN",,"",,,,,
"RICHARD","RICHARD S. FELGER; BENJAMIN T. WILDER AND JUAN PABLO GALLO REYNOSO",,"",,,,,
"RICHARD","RICHARD S. FELGER; EXEQUIEL EZCURRA, ET AL.",,"",,,,,
"RICHARD","RICHARD S. FELGER; FERNANDO MURILLO RENDÓN; RACHEL MURILLO; BÁRBARA STRAUB",,"",,,,,
"RICHARD","RICHARD S. FELGER; OSCAR SOULE",,"",,,,,
"RICHARD","RICHARD S. FELGER; ROBIN THOMAS",,"",,,,,
"RICHARD","RICHARD SPJUT",,"",,,,,
"RICHARD","RICHARD SPJUT; RICHARD MARIN",,"",,,,,
"RICHARDSON","A. RICHARDSON; A. SOILS, S. BENN",,"",,,,,
"RICHARDSON","ALFRED THOMAS RICHARDSON;A. SOLÍS;S. BENN",,"",,,,,
"RIVERA","JAIME RIVERA H.; SILVIA H. SALAS M.; E. TORRES B.; R. GARCÍA S.",,"",,,,,
"RIVERA","JAIME RIVERA; E. VEGA",,"",,,,,
"ROBLETO","WALTER ROBLETO",,"",,,,,
"RODRIGUES","SCHÜTZ RODRIGUES, R; GALVÃO, JC",,"",,,,,
"RODRIGUEZ","DAGOBERTO RODRÍGUEZ;JORGE MONTERROSA S.;E. QUIJADA;A. TEJADA",,"",,,,,
"RODRIGUEZ","DAGOBERTO RODRÍGUEZ;W. PEÑA",,"",,,,,
"RODRIGUEZ","RODRIGUEZ FM",,"",,,,,
"RODRIGUEZ","RODRÍGUEZ W.;SÁNCHEZ H.",,"",,,,,
"RODRIGUEZ","RODRÍGUEZ,D., MONTERROSA,J., QUIJADA,E. & TEJADA,A.",,"",,,,,
"ROLDAN","ROLDÁN F.;GARCÍA L.;SYLVA G.",,"",,,,,
"ROMERO","JORGE HERNÁN TORRES ROMERO",,"",,,,,
"ROMO","C. G. ROMO",,"",,,,,
"ROMO","C. ROMO G.",,"",,,,,
"ROMO","C.G. ROMO",,"",,,,,
"RUEDA","R. M. RUEDA;A. CERDA;E. HERNÁNDEZ;M. MÉNDEZ;D. MARTÍNEZ;C. MARTÍNEZ;G. LARGAESPADA;F. OBREGÓN",,"",,,,,
"RUEDA","R. M. RUEDA;B. SÁNCHEZ",,"",,,,,
"RUEDA","R. M. RUEDA;HERMES CUADROS V.",,"",,,,,
"RUEDA","R. M. RUEDA;J. MASÍS;L. D. PAGUAGA;N. TOVAL",,"",,,,,
"RVA","RVA; FHA; IFVL",,"",,,,,
"RVA","RVA; GBB",,"",,,,,
"RVA","RVA; HAH; JAHV; IFVL",,"",,,,,
"RZEDOWSKI","J. RZEDOWSKI; MCVAUGH",,"",,,,,
"RZEDOWSKI","RZEDOWSKI",,"",,,,,
"SALAS","S. H. SALAS M.; M. ELORSA C.; L. SCHIBLI",,"",,,,,
"SALAS","S. SALAS M.; J. RIVERA H.; C. PERRET; M. ELORSA C.",,"",,,,,
"SALAS","S. SALAS M.; J. RIVERA H.; R. GARCÍA S.; J. MEAVE DEL C.",,"",,,,,
"SALAS","S. SALAS; A. SÁNCHEZ M.; G. JUÁREZ G.; EDUARDO A. PÉREZ-GARCÍA",,"",,,,,
"SALAZAR","C. SALAZAR;C. OQUELÍ;F. ASCENICO",,"",,,,,
"SALAZAR","SALAZAR,C., OQUELÍ,C. & ASCENCIO,F.",,"",,,,,
"SALGADO","C.R. SALGADO",,"",,,,,
"SALINAS","ANTONIO SALINAS TOVAR; EUSTOLIO MTZ. C.",,"",,,,,
"SANCHEZ","A. SÁNCHEZ M.",,"",,,,,
"SANCHEZ","A. SÁNCHEZ M.; A. NAVA Z.",,"",,,,,
"SANCHEZ","A. SÁNCHEZ M.; A. NAVA Z.; S.H. SALAS M.",,"",,,,,
"SANCHEZ","A. SÁNCHEZ M.; A. NAVA-ZAFRA; K. VELASCO-GUTIÉRREZ",,"",,,,,
"SANCHEZ","A. SÁNCHEZ M.; A. NAVA-ZAFRA; S. SALAS",,"",,,,,
"SANCHEZ","A. SÁNCHEZ M.; M. R. HERNÁNDEZ-SERNAS; M. F. MALDONADO-RUÍZ; A. NAVA-ZAFRA",,"",,,,,
"SANCHEZ","F. SÁNCHEZ L.",,"",,,,,
"SANCHEZ","F. SÁNCHEZ L., G. MORALES C. & K. VELASCO G.",,"",,,,,
"SANCHEZ","J.J. SÁNCHEZ; D.Z. ÁVILA-JIMÉNEZ",,"",,,,,
"SANCHEZ","J.J. SÁNCHEZ; M.C. PEÑALBA G.; I.R. ESPINOZA E.",,"",,,,,
"SANCHEZ","LUIS ROBERTO SÁNCHEZ;DANIELA CONSUEGRA",,"",,,,,
"SANCHEZ","LUPITA SÁNCHEZ A.;RENÉ GUILLÉN V.;E. CUÉLLAR",,"",,,,,
"SANCHEZ","LUPITA SÁNCHEZ A.;S. ORTIZ;G. PIZOTO;J.C. MEJÍA",,"",,,,,
"SANCHEZ","ZENAIDA GARNICA SÁNCHEZ",,"",,,,,
"SANDERS","A.C. SANDERS; JAN WEST, ELOY RODRIGUEZ",,"",,,,,
"SANDERS","ANDREW C. SANDERS;THOMAS R. VAN DEVENDER",,"",,,,,
"SANDERS","SANDERS",,"",,,,,
"SANDINO","J. C. SANDINO;W. ROBLETO T.",,"",,,,,
"SANDINO","JUAN C. SANDINO",,"",,,,,
"SANTANA","F. J. SANTANA M.; N. CERVANTES A.",,"",,,,,
"SANTANA","F.J. SANTANA M.; N. CERVANTES A.",,"",,,,,
"SANTIAGO","B. SANTIAGO H.",,"",,,,,
"SARAVIA","CARLOS SARAVIA T.;ET AL.",,"",,,,,
"SARKINEN","SÄRKINEN, TIINA",,"",,,,,
"SARMIENTO","JENNY CAROLINA SARMIENTO ESPITIA",,"",,,,,
"SASTOQUE","SASTOQUE, E.;MEJÍA, S.;PINZÓN, V.",,"",,,,,
"SAYAGO","SAYAGO, M.",,"",,,,,
"SAYNES","A. SAYNES V.",,"",,,,,
"SAYNES","A. SAYNES V.; A. SÁNCHEZ M.; A. NAVA Z.",,"",,,,,
"SAYNES","A. SAYNES V.; A. SÁNCHEZ M.; A. NAVA ZAFRA",,"",,,,,
"SAYNES","A. SAYNES; A. SÁNCHEZ M.; A. NAVA-ZAFRA",,"",,,,,
"SAYNES","A. SAYNES; A. SÁNCHEZ M.; G. JUÁREZ G.",,"",,,,,
"SAYNES","A. SAYNES; A. SÁNCHEZ; A. NAVA",,"",,,,,
"SCHEIDEGGER","D. SCHEIDEGGER;MISAEL ELORSA C.",,"",,,,,
"SCHININI","A. SCHININI, C. SARAVIA TOLEDO & R. NEUMANN",,"",,,,,
"SCHININI","A. SCHININI; R.VANNI, S.CACERES",,"",,,,,
"SCHININI","AURELIO SCHININI;CARLOS SARAVIA T.;ROBERT NEUMANN",,"",,,,,
"SCHININI","AURELIO SCHININI;O. AHUMADA",,"",,,,,
"SCHININI","AURELIO SCHININI;RAMÓN A. PALACIOS",,"",,,,,
"SCHININI","AURELIO SCHININI;RICARDO O. VANNI;SERGIO CÁCERES M.",,"",,,,,
"SCHININI","SCHININI",,"",,,,,
"SCHININI","SCHININI A; PIRE SM",,"",,,,,
"SCHININI","SCHININI, A.; MOLERO BRIONES, JULIÀ; DURÉ RODAS, REINILDA & QUINTANA, M.",,"",,,,,
"SCHININI","SCHININI, A; CRISTOBÁL, CL",,"",,,,,
"SCHININI","SCHININI, A; CROVETTO, RM",,"",,,,,
"SCHININI","SCHININI, A; VANNI, R; CÁCERES, S",,"",,,,,
"SCHININI","SCHININI, A;A. SCHININI,C.L. CRISTÓBAL,CRISTÓBAL, CL",,"",,,,,
"SCHININI","SCHININI, A;CROVETTO, R.M.,SCHININI, A.",,"",,,,,
"SCHININI","SCHININI, A;SCHININI, A.,CRISTOBÁL, C.L.",,"",,,,,
"SCHININI","SCHININI, A;VANNI, R.,SCHININI, A.,CÁCERES, S.",,"",,,,,
"SCHWARZ","C.J. SCHWARZ",,"",,,,,
"SCHWARZ","SCHWARZ",,"",,,,,
"SCIPIONI","SCIPIONI, M. .C.;MEYER, E. .A.",,"",,,,,
"SEIGLER","DAVID S. SEIGLER",,"",,,,,
"SELER","SELER,C. & SELER,E.",,"",,,,,
"SERRANO","MARTHA SERRANO;JEANETH VILLALOBOS;ARIEL LLIULLY;J. ALBERTO  PEÑARANDA;REINALDO LOZANO",,"",,,,,
"SERRANO","SERRANO, M.",,"",,,,,
"SHILLER","IVAN SHILLER",,"",,,,,
"SIDWELL","K. SIDWELL, G. DAVIDSE, A. MONRO, J. QUEZADA DIAZ,",,"",,,,,
"SIDWELL","KAREN J. SIDWELL;GERRIT DAVIDSE;ALEX K. MONRO;JORGE QUEZADA DÍAZ;ET AL.",,"",,,,,
"SIDWELL","KAREN SIDWELL, GERRIT DAVIDSE, ALEX MONRO, MARIO SAGASTIZADO & TOD CARDWELL",,"",,,,,
"SIDWELL","SIDWELL,K., DAVIDSE,G., MONRO,A., QUEZADA DÍAZ,J. & FUNDACION CORDES",,"",,,,,
"SILVA","M.P. DA SILVA; V.J. POTT; L.M. PARRON",,"",,,,,
"SILVA","SILVA, M. P. DA; POTT, V. J. & PARRON, L. M.",,"",,,,,
"SILVERSTONE-SOPKIN","PHILIP A. SILVERSTONE-SOPKIN;NÉSTOR PAZ Z.;R. T. GONZÁLEZ",,"",,,,,
"SILVIA","SILVIA H. SALAS M.; A. SÁNCHEZ; G. JUÁREZ; E. PÉREZ",,"",,,,,
"SILVIA","SILVIA H. SALAS M.; ARTURO SÁNCHEZ; G. JUÁREZ; E. PÉREZ",,"",,,,,
"SILVIA","SILVIA H. SALAS M.; J. RIVERA H.; MISAEL ELORSA C.",,"",,,,,
"SILVIA","SILVIA H. SALAS M.; J. RIVERA H.; MISAEL ELORSA C.; E. MARTÍNEZ S.",,"",,,,,
"SILVIA","SILVIA H. SALAS M.; J. RIVERA H.; R. GARCÍA S.; JORGE MEAVE DEL CASTILLO; MISAEL ELORSA C.",,"",,,,,
"SIMA","P. SIMÁ P.; R. DURÁN G.; A. DORANTES; L. LÓPEZ",,"",,,,,
"SIMA","P. SIMÁ; R. DURÁN; A. DORANTES; L. LÓPEZ",,"",,,,,
"SIMPSON","DONALD R. SIMPSON;JOSE SCHUNKE VIGO",,"",,,,,
"SIQUEIRA","E.L. SIQUEIRA ET AL.",,"",,,,,
"SMITH","SMITH, L.B. 14119; KLEIN, R.M.",,"",,,,,
"SMITH","SMITH, L.B.;KLEIN, R.M.",,"",,,,,
"SOLOMON","JAMES C. SOLOMON;MICHAEL H. NEE",,"",,,,,
"SOLOMON","SOLOMON, JC; NEE, M",,"",,,,,
"SOLOMON","SOLOMON, JC;NEE, M.,SOLOMON, J.C.",,"",,,,,
"SORIANO","ALFREDO QUIROZ SORIANO",,"",,,,,
"SOTO","M. SOTO",,"",,,,,
"SOUZA","MA.C.SOUZA; E COL.",,"",,,,,
"SOZA","D. SOZA;P. P. MORENO",,"",,,,,
"SPARRE","SPARRE",,"",,,,,
"SPJUT","R. SPJUT",,"",,,,,
"SPJUT","R.W. SPJUT",,"",,,,,
"SPJUT","R.W. SPJUT; R. MARÍN",,"",,,,,
"STAHL","B STÅHL;B. ERIKSEN",,"",,,,,
"STAHL","STÅHL & ERIKSEN",,"",,,,,
"STEINMANN","V. W. STEINMANN",,"",,,,,
"STEINMANN","V. W. STEINMANN; E. CARRANZA",,"",,,,,
"STEINMANN","V.W. STEINMANN; E. CARRANZA",,"",,,,,
"STEVENS","STEVENS WD",,"",,,,,
"STEVENS","STEVENS, W.D.",,"",,,,,
"STEVENS","STEVENS, WD; KRUKOFF, BA",,"",,,,,
"STEVENS","STEVENS, WD;STEVENS, W.D.,KRUKOFF, B.A.",,"",,,,,
"STEVENS","W. D. STEVENS, O.M. MONTIEL J.",,"",,,,,
"STEVENS","W. D. STEVENS; M. FAIRHUST",,"",,,,,
"STEVENS","W. D. STEVENS;G. CALERO CH.",,"",,,,,
"STEVENS","W. D. STEVENS;MARY FAIRHURST",,"",,,,,
"STEVENS","W. D. STEVENS;NÉLIDA SORIA;ISABEL BASUALDO",,"",,,,,
"STEVENS","W. D. STEVENS;O. M. MONTIEL J.",,"",,,,,
"STEVENS","W. D. STEVENS;O. M. MONTIEL J.;CHRISTOPHER DAVIDSON;SHARON R. CHRISTOPH",,"",,,,,
"STEVENS","W. D. STEVENS;O. M. MONTIEL J.;E. DUARTE M.",,"",,,,,
"STEVENS","WARREN DOUGLAS (DOUG) STEVENS, OLGA MARTHA MONTIEL JARQUIN",,"",,,,,
"STEVENS","WARREN DOUGLAS STEVENS, B. A. KRUKOFF",,"",,,,,
"STEVENS","WARREN DOUGLAS STEVENS; MARY FAIRHURST",,"",,,,,
"STEVENS","WARREN DOUGLAS STEVENS;MARY FAIRHUST",,"",,,,,
"STEYERMARK","J. STEYERMARK",,"",,,,,
"STEYERMARK","J. STEYERMARK & B. MANARA",,"",,,,,
"STEYERMARK","JULIAN A. STEYERMARK;BRUNO J. MANARA",,"",,,,,
"STEYERMARK","JULIAN A. STEYERMARK;ET AL.",,"",,,,,
"STEYERMARK","JULIAN A. STEYERMARK;RONALD L. LIESNER;ÁNGEL C. GONZÁLEZ",,"",,,,,
"STEYERMARK","STEYERMARK, JA; DAVIDSE, G; STODDART, A",,"",,,,,
"STEYERMARK","STEYERMARK, JA;STEYERMARK, J.A.,STODDART, A.,DAVIDSE, G.",,"",,,,,
"STRANGHETTI","STRANGHETTI, V., RANGA, N.T. & REZENDE, A.A.",,"",,,,,
"STRANGHETTI","STRANGHETTI, V.;REZENDE, A.A.,RANGA, N.T.",,"",,,,,
"SUAREZ","M.E. SUÁREZ",,"",,,,,
"TAPIA","J. L. TAPIA M.;MIGUEL CHÁZARO BASAÑEZ",,"",,,,,
"TAPIA","J.L. TAPIA M.; M. CHÁZARO B.",,"",,,,,
"TAPIA","J.L. TAPIA; M. CHÁZARO",,"",,,,,
"TAYLOR","K. TAYLOR; M. NEE",,"",,,,,
"TAYLOR","K. TAYLOR;MICHAEL NEE",,"",,,,,
"TAYLOR","TAYLOR, MRS K.; NEE, M.",,"",,,,,
"TEAGUE","GERARD WARDEN TEAGUE",,"",,,,,
"THARP","B.C. THARP",,"",,,,,
"THARP","THARP; JOHNSON; WEBSTER I.",,"",,,,,
"THOMAS","THOMAS B. CROAT;PHILIP A. SILVERSTONE-SOPKIN",,"",,,,,
"TOLEDO","TOLEDO, CS; JOAQUIN, N; EZCURRA, C; SCHININI, A",,"",,,,,
"TOLEDO","TOLEDO, CS;SCHININI, A.,EZCURRA, C.,TOLEDO, C.S.,JOAQUIN, N.",,"",,,,,
"TORRES","E. I. MEZA TORRES; W. A. MEDINA, H. SATO, A. J. VEGA",,"",,,,,
"TORRES","E. TORRES B.; H. MORALES",,"",,,,,
"TORRES","L. TORRES COLÍN; ABISAÍ GARCÍA MENDOZA; L. CORTÉS A.; CIPRIANO MARTÍNEZ RAMÍREZ; JUVENAL P.",,"",,,,,
"TORRES","RAFAEL TORRES COLÍN; O. TÉLLEZ",,"",,,,,
"TORRES-COLIN","M.L. TORRES-COLÍN; A. GARCÍA-MENDOZA; C. MARTÍNEZ S.; L. CORTÉS A.; J. PÉREZ",,"",,,,,
"TORREZ","VANIA TORREZ;MANUEL J. MACÍA;D. CHOQUE A.;PILAR GARAGORRI;PEPE SEVILLANOS;J. MAMANI",,"",,,,,
"TREJO","IRMA TREJO",,"",,,,,
"TREJO","IRMA TREJO; P. TENORIO L.; G. AVILA; J. HERNÁNDEZ",,"",,,,,
"TRESSENS","S. TRESSENS; L. FERRARO, H. KELLER, V. MARUNAK, V. REVILLA FECHA",,"",,,,,
"TRESSENS","SARA G. TRESSENS;ET AL.",,"",,,,,
"TRESSENS","SARA G. TRESSENS;LIDIA I. FERRARO;H. A. KELLER;VICTOR MARUÑAK;V. REVILLA",,"",,,,,
"TRESSENS","TRESSENS, S; BOHREN, A; CABRAL, E; FERRUCCI, MR; POMPERT, M; KEHL, J; MARUÑAK, V; SCH",,"",,,,,
"TRESSENS","TRESSENS, S;MARUÑAK, V.,CABRAL, E.,POMPERT, M.,FERRUCCI, M.R.,BOHREN, A.,KEHL, J.,MAR,TRESSENS, S.,SCH",,"",,,,,
"TRONCOSO","NÉLIDA S. TRONCOSO;NÉLIDA M. BACIGALUPO",,"",,,,,
"TRUJILLO","BALTASAR TRUJILLO;E. SULBARAN",,"",,,,,
"TRUJILLO","TRUJILLO P.;MOLINA D.;LÓPEZ D.;PERDOMO L.",,"",,,,,
"TRUJILLO","TRUJILLO P.;MONTOYA D.;SALAZAR H.",,"",,,,,
"TUCKER","TUCKER, J.M.",,"",,,,,
"TUR","TUR, N. M.",,"",,,,,
"TURNER","R. M. TURNER; C. H. LOWE, JR. 2048",,"",,,,,
"ULIBARRI","ULIBARRI, E. A.",,"",,,,,
"UZQUIANO","J. UZQUIANO;ET AL.",,"",,,,,
"VALENCIA-D","VALENCIA-D., JANICE",,"",,,,,
"VALIENTE","ALFONSO VALIENTE BANUET; F. CHIANG",,"",,,,,
"VALIENTE","ALFONSO VALIENTE BANUET; R. SALMERON; D. NAVA; J. L. VIVEROS; J. C. MORALES",,"",,,,,
"VALIENTE","ALFONSO VALIENTE BANUET; ROSALÍA SALMERON; D. NAVA; J. L. VIVEROS; J. C. MORALES",,"",,,,,
"VALIENTE","VALIENTE B; ET AL.",,"",,,,,
"VARELA","L. VARELA; M. VILLEGAS",,"",,,,,
"VARGAS","ISRAEL G. VARGAS C.;ET AL.",,"",,,,,
"VARGAS","ISRAEL G. VARGAS C.;S. ORTIZ",,"",,,,,
"VARGAS","S. VARGAS P.",,"",,,,,
"VASQUEZ","R. VASQUEZ, F. SALVADOR ET AL",,"",,,,,
"VASQUEZ","R. VÁSQUEZ & R. ROJAS",,"",,,,,
"VASQUEZ","R. VÁSQUEZ, C. DÍAZ, F. SALVADOR & ET AL.",,"",,,,,
"VASQUEZ","RODOLFO VÁSQUEZ;ET AL.",,"",,,,,
"VASQUEZ","RODOLFO VÁSQUEZ;ROCÍO ROJAS",,"",,,,,
"VAUGHN","JAMES VAUGHN",,"",,,,,
"VEGA","R. VEGA A.; F. HERNÁNDEZ A.",,"",,,,,
"VEGA","R. VEGA A.; I.F. VEGA L.; A. HERNÁNDEZ V.",,"",,,,,
"VEGA","RITO VEGA A.; GERMÁN AURELIO BOJÓRQUEZ BOJÓRQUEZ",,"",,,,,
"VEGA","RITO VEGA A.; INÉS F. VEGA L.; HIPÓLITO AGUILAR HERNÁNDEZ; ALEJANDRO HERNÁNDEZ",,"",,,,,
"VEJARANO","SILVIA VEJARANO;GLORIA GALEANO",,"",,,,,
"VELASCO","K. VELASCO G.; A. SÁNCHEZ M.; A. NAVA Z.",,"",,,,,
"VELASCO-GUTIERREZ","K. VELASCO-GUTIÉRREZ; A. SÁNCHEZ M.; A. NAVA-ZAFRA",,"",,,,,
"VELIZ","M. VÉLIZ; E. MARTÍNEZ S.; C. H. RAMOS; G. CAMPOS",,"",,,,,
"VELIZ","M. VÉLIZ; R. BARRIOS",,"",,,,,
"VELIZ","MARIO VÉLIZ;ANA JOSÉ CÓBAR",,"",,,,,
"VELIZ","MARIO VÉLIZ;ESTEBAN M. MARTÍNEZ S.;CLARA H. RAMOS A.",,"",,,,,
"VELIZ","MARIO VÉLIZ;F. RAMÍREZ",,"",,,,,
"VELIZ","MARIO VÉLIZ;R. VÉLIZ",,"",,,,,
"VERA","M. VERA;M. PEÑA-CHOCARRO;J. DE EGEA JUVINEL;M. TORRE",,"",,,,,
"VERDI","VERDI, M.; KLEMZ, G.",,"",,,,,
"VERDI","VERDI, M;KLEMZ, G.,VERDI, M.,HASCKEL, R.P.",,"",,,,,
"VERDUZCO","C. VERDUZCO M.",,"",,,,,
"VERVAORT","F. VERVAORT",,"",,,,,
"VILLACORTA","RAUL VILLACORTA;ET AL.",,"",,,,,
"VILLACORTA","RAUL VILLACORTA;M.L. REYNA DE AGUILAR",,"",,,,,
"VILLACORTA","RAUL VILLACORTA;MIRIAM CORTEZ",,"",,,,,
"VILLACORTA","VILLACORTA,R. & REYNA DE AGUILAR,M.L.",,"",,,,,
"VILLACORTA","VILLACORTA,R., GONZÁLEZ,J.C. & ARANIVA,A.",,"",,,,,
"VILLALOBOS","A. VILLALOBOS C.",,"",,,,,
"VILLALOBOS","JEANETH VILLALOBOS;E. PORTAL;E. CERVANTES",,"",,,,,
"VILLANUEVA","B. VILLANUEVA",,"",,,,,
"VILLANUEVA","B. VILLANUEVA; A. LOZANO",,"",,,,,
"VILLANUEVA","B. VILLANUEVA; J. CABEZAS; A. MONTES; B. AGUIRRE",,"",,,,,
"VILLAREAL","J. A. VILLAREAL Q.",,"",,,,,
"VILLAREAL","J. A. VILLAREAL Q.; M. A. CARRANZA P.",,"",,,,,
"VILLAREAL","J. A. VILLAREAL Q.;MIGUEL AGUSTÍN CARRANZA",,"",,,,,
"VILLARREAL","J. A. VILLARREAL",,"",,,,,
"VILLARREAL","J.A. VILLARREAL Q.; M.A. CARRANZA P.; J.L. ELIZONDO",,"",,,,,
"VILLARROEL","D. VILLARROEL;Y. BUSTAMANTE;T. PALACIOS",,"",,,,,
"VILLEGAS","MARTHA VILLEGAS;M. CURARIPE",,"",,,,,
"VINTON","BOB VINTON",,"",,,,,
"VINTON","VINTON",,"",,,,,
"VIRGINIUS","VIRGINIUS H. CHASE",,"",,,,,
"WAGNER","W. L. WAGNER & P. JULIAN",,"",,,,,
"WALKER","JAY B. WALKER",,"",,,,,
"WALKER","MRS. E. J. WALKER",,"",,,,,
"WALKER","WALKER",,"",,,,,
"WEBSTER","G. L. WEBSTER & R. L. WILBUR",,"",,,,,
"WERFF","WERFF HH VAN DER",,"",,,,,
"WHITE","M. J. D. WHITE",,"",,,,,
"WHITEHOUSE","E. WHITEHOUSE",,"",,,,,
"WIGGINS","I. L. WIGGINS & R. C. ROLLINS",,"",,,,,
"WIGGINS","IRA L. WIGGINS;REED C. ROLLINS",,"",,,,,
"WILLIAM","WILLIAM E. HARMON;JOHN D. DWYER",,"",,,,,
"WILLIAM","WILLIAM R. CARR",,"",,,,,
"WILLIAM","WILLIAM R. MAXON;A. D. HARVEY;A.T. VALENTINE",,"",,,,,
"WILLIAMS","DAVID E. WILLIAMS;ET AL.",,"",,,,,
"WILLIAMS","WILLIAMS, D.E.",,"",,,,,
"WILLIGES","GEORGE G. WILLIGES; D. BLANKENSHIP",,"",,,,,
"WILSON","WILSON DEVIA",,"",,,,,
"WITSBERGER","DENNIS WITSBERGER",,"",,,,,
"WORONOW","GEORG J. WORONOW;S.V. JUZEPCZUK",,"",,,,,
"XOLOCOTZI","EFRAÍN HERNÁNDEZ XOLOCOTZI",,"",,,,,
"ZAFRA","A. NAVA ZAFRA",,"",,,,,
"ZAFRA","A. NAVA ZAFRA; A. SÁNCHEZ M.",,"",,,,,
"ZAMBRANO","MIGUEL CRUZ ZAMBRANO; MAURO HERNÁNDEZ",,"",,,,,
"ZAMBRANO","MIGUEL CRUZ ZAMBRANO;MAURO HERNÁNDEZ MEZA",,"",,,,,
"ZAMORA","P. ZAMORA C.; M.G. ZOLÁ B.",,"",,,,,
"ZAPATA","RUIZ ZAPATA T",,"",,,,,
"ZARDINI","E. ZARDINI & T. FLORENTIN",,"",,,,,
"ZARDINI","ELSA M. ZARDINI;A. AGUAYO",,"",,,,,
"ZARDINI","ELSA M. ZARDINI;BONIFACIA BENÍTEZ B.",,"",,,,,
"ZARDINI","ELSA M. ZARDINI;G. GARCETE",,"",,,,,
"ZARDINI","ELSA M. ZARDINI;J. FERNANDEZ",,"",,,,,
"ZARDINI","ELSA M. ZARDINI;LEONGINO GUERRERO",,"",,,,,
"ZARDINI","ELSA M. ZARDINI;M. VELÁZQUEZ",,"",,,,,
"ZARDINI","ELSA M. ZARDINI;M.R.P. DA SILVA",,"",,,,,
"ZARDINI","ELSA M. ZARDINI;MARÍA T. FLORENTÍN P.;T. FLORENTÍN",,"",,,,,
"ZARDINI","ELSA M. ZARDINI;P. AQUINO",,"",,,,,
"ZARDINI","ELSA M. ZARDINI;RAMÓN VELÁSQUEZ",,"",,,,,
"ZARDINI","ELSA M. ZARDINI;TULIO TILLERÍA",,"",,,,,
"ZARDINI","ELSA M. ZARDINI;U. VELÁZQUEZ",,"",,,,,
"ZARDINI","ELSA MATILDE ZARDINI ET AL.",,"",,,,,
"ZARDINI","ELSA MATILDE ZARDINI; BONIFACIA BENITEZ BERTONI",,"",,,,,
"ZARDINI","ZARDINI, E.; VELÁSQUEZ, R.",,"",,,,,
"ZARDINI","ZARDINI, EM; FLORENTÍN, T",,"",,,,,
"ZARDINI","ZARDINI, EM; VELÁSQUEZ, C",,"",,,,,
"ZARDINI","ZARDINI, EM;ZARDINI, E.M.,AGUAYO, A.",,"",,,,,
"ZARDINI","ZARDINI, EM;ZARDINI, E.M.,FLORENTÍN, T.",,"",,,,,
"ZARDINI","ZARDINI, EM;ZARDINI, E.M.,VELÁSQUEZ, C.",,"",,,,,
"ZOLA","M.G. ZOLÁ B.; L. TORRES",,"",,,,,
"ZOLA","M.G. ZOLÁ B.; M.L. TORRES-COLÍN",,"",,,,,
"ZOLA","M.G. ZOLÁ B.; V.E. LUNA M.",,"",,,,,
,"""",,"",,,,,
"ACEVEDO-RODRIGUEZ","R. ACEVEDO R.","CLASSICO COMPOSTO","checked","X",,,,
"ACOSTA","M. ACOSTA SOLIS",,"checked",,,,,
"ACOSTA","R. ACOSTA P.",,"checked",,,,,
"AGUAYO","A. AGUAYO",,"checked",,,,,
"AGUILAR","DOMINGO AGUILAR",,"checked",,,,,
"ALCORN","J. B. ALCORN",,"checked",,,,,
"ALCORN","JANIS B. ALCORN",,"checked",,,,,
"ALEXANDER","E. J. ALEXANDER",,"checked",,,,,
"ALISCIONI","ALISCIONI, S. S.",,"checked",,,,,
"ALONSO","JOSÉ LUIS FERNÁNDEZ-ALONSO","COMPOSTO","checked","X",,,,
"ALSTON","A. H. ALSTON",,"checked",,,,,
"ALVES","ALVES, J; ET AL.",,"checked",,,,,
"AMADEO","AMADEO M. REA",,"checked",,,,,
"ANDERSSON","N. J. ANDERSSON",,"checked",,,,,
"ANTEZANA","C. ANTEZANA VALERA",,"checked",,,,,
"ARAQUISTAIN","M. ARAQUISTAIN",,"checked",,,,,
"ARAUJO","D. ARAUJO & N. MACIEL",,"checked",,,,,
"ARBELAEZ","E. PÉREZ ARBELÁEZ",,"checked",,,,,
"ARBELAEZ","E. PÉREZ ARBELÁEZ & J. CUATRECASAS",,"checked",,,,,
"ARBELAEZ","ENRIQUE PÉREZ ARBELÁEZ",,"checked",,,,,
"ARCHER","W. ARCHER",,"checked",,,,,
"ARENAS","ARENAS, P.",,"checked",,,,,
"ARROYAVE","F. ARROYAVE",,"checked",,,,,
"ASPLUND","ASPLUND, E.",,"checked",,,,,
"ASPLUND","E. ASPLUND",,"checked",,,,,
"ASPLUND","ERIK ASPLUND",,"checked",,,,,
"ASSIS","ASSIS, A.M.; CRIBARI, R.S.; SANTOS, J.",,"checked",,,,,
"ASSUNCAO","V.A. ASSUNÇÃO",,"checked",,,,,
"ASSUNCAO","VIVIAN ALMEIDA ASSUNÇÃO",,"checked",,,,,
"BACIGALUPO","BACIGALUPO, N. M.",,"checked",,,,,
"BACIGALUPO","BACIGALUPO, N. M.",,"checked",,,,,
"BALANSA","B. BALANSA",,"checked",,,,,
"BALANSA","BALANSA",,"checked",,,,,
"BALANSA","BALANSA B",,"checked",,,,,
"BALANSA","BALANSA B.",,"checked",,,,,
"BALANSA","BALANSA, B.",,"checked",,,,,
"BALANSA","BENEDICT (BENJAMIN) BALANSA",,"checked","X",,,,
"BALCAZAR","J. BALCÁZAR",,"checked",,,,,
"BARRETO","BARRETO, K.D. ET AL.",,"checked",,,,,
"BARRIGA","H. GARCÍA BARRIGA",,"checked",,,,,
"BARTLETT","H. H. BARTLETT",,"checked",,,,,
"BASUALDO","ISABEL BASUALDO",,"checked",,,,,
"BECK","STEPHAN G. BECK",,"checked","x",,,,
"BERNARDI","L. BERNARDI",,"checked",,,,,
"BERNARDI","LUCIANO BERNARDI",,"checked",,,,,
"BERTERO","C. G. BERTERO",,"checked",,,,,
"BERTERO","CARLO L.G. BERTERO",,"checked",,,,,
"BIANCHINI","BIANCHINI, E; PAPOLO, RS",,"checked",,,,,
"BIGANZOLI","BIGANZOLI, F.",,"checked",,,,,
"BONIFAZ","CARMEN BONIFAZ B.","NAO ULTIMO","checked",,,,,
"BORDON","BORDÓN, A. O.",,"checked",,,,,
"BRAGA","J.M.A.BRAGA",,"checked",,,,,
"BREEDLOVE","BREEDLOVE, D. E.",,"checked",,,,,
"BREEDLOVE","BREEDLOVE, DENNIS E.; ALMEDA, FRANK",,"checked",,,,,
"BRUIJN","BRUIJN J DE",,"checked",,,,,
"BRUIJN","J. BRUIJN",,"checked",,,,,
"BRUIJN","J. DE BRUIJN",,"checked",,,,,
"BURKART","ARTURO E. BURKART",,"checked",,,,,
"BURKART","BURKART, A",,"checked",,,,,
"BURKART","BURKART, A.",,"checked",,,,,
"BURKART","BURKART, A;BURKART, A.",,"checked",,,,,
"CABRERA","ANGEL L. CABRERA",,"checked",,,,,
"CABRERA","CABRERA, A. L.",,"checked",,,,,
"CALAWAY","CALAWAY H. DODSON",,"checked",,,,,
"CALDERON","GUADALUPE MARTÍNEZ CALDERÓN",,"checked","X",,,,
"CALDERON","S. CALDERÓN",,"checked",,,,,
"CALONICO","J. CALÓNICO-SOTO","NAO ULTIMO","checked","X",,,,
"CALZADA","J.I. CALZADA",,"checked",,,,,
"CARBALLO","CARBALLO,R.A.",,"checked",,,,,
"CARDONA","F. CARDONA",,"checked",,,,,
"CARVALHO","F.S. CARVALHO; Z.R. HOLSBACK; B.E.M. PINTO",,"checked",,,,,
"CASTANEDA","R. R. CASTAÑEDA",,"checked",,,,,
"CASTILLO","G. CASTILLO-CAMPOS","NAO ULTIMO","checked","X",,,,
"CASTILLO","G. CASTILLO-CAMPOS; J.J. PALE P.",,"checked","X",,,,
"CASTILLO","G. CASTILLO-CAMPOS; M.E. MEDINA A.","NAO ULTIMO","checked","X",,,,
"CASTILLO","G. CASTILLO-CAMPOS; P. ZAMORA C.",,"checked","X",,,,
"CASTILLO","G. CASTILLO-CAMPOS; P. ZAMORA C.; P. MORENO-CASASOLA","NAO ULTIMO","checked","X",,,,
"CASTILLO","G. CASTILLO-CAMPOS; P. ZAMORA C.; R. ACEVEDO R.",,"checked","X",,,,
"CASTILLO","G. CASTILLO-CAMPOS; R. ACEVEDO R.; J.L. MARTÍNEZ Y P.","NAO ULTIMO","checked","X",,,,
"CASTILLO","J. J. CASTILLO MONT",,"checked",,,,,
"CASTILLO","JORGE MEAVE DEL CASTILLO",,"checked",,,,,
"CASTREJON","J. CASTREJÓN R.; E. MARTÍNEZ S.; M. ELORSA C.",,"checked",,,,,
"CASTREJON","JAVIER F. CASTREJÓN R.; E. MARTÍNEZ S.; MISAEL ELORSA C.",,"checked",,,,,
"CAVALCANTI","A.C.S. CAVALCANTI; T.LAURINDO, F. CHAVES",,"checked",,,,,
"CAVALCANTI","CAVALCANTI, ACS",,"checked",,,,,
"CAVALCANTI","CAVALCANTI, ACS; LAURINDO, T; CHAVES, F",,"checked",,,,,
"CAVALCANTI","CAVALCANTI, ACS;CAVALCANTI, A.C.S.,LAURINDO, T.,CHAVES, F.",,"checked",,,,,
"CAVALHEIRO","A.L. CAVALHEIRO ET AL.",,"checked",,,,,
"CAVALHEIRO","A.L.CAVALHEIRO; ET AL.",,"checked",,,,,
"CAVALHEIRO","CAVALHEIRO, A.L.; ET AL.",,"checked",,,,,
"CAVALHEIRO","CAVALHEIRO, A.L.;ET AL.",,"checked",,,,,
"CAVALHEIRO","CAVALHEIRO, AL",,"checked",,,,,
"CAVALHEIRO","CAVALHEIRO, AL; ET AL.",,"checked",,,,,
"CAXAMBU","CAXAMBU, M.G.; ET AL.",,"checked",,,,,
"CAXAMBU","CAXAMBU, M.G.;ET AL.",,"checked",,,,,
"CAXAMBU","CAXAMBU, MG",,"checked",,,,,
"CAXAMBU","CAXAMBU, MG;CAXAMBU, M.G.",,"checked",,,,,
"CAXAMBU","M.G. CAXAMBU",,"checked",,,,,
"CERON","CARLOS E. CERÓN",,"checked","x",,,,
"CHAGAS","CHAGAS-SILVA, F.","NAO ULTIMO","checked","X",,,,
"CHAGAS","F. CHAGAS E SILVA","NAO ULTIMO","checked",,,,,
"CHAN","C. CHAN",,"checked",,,,,
"CHIANG","F. CHIANG",,"checked",,,,,
"CHIANG","F. CHIANG C.",,"checked",,,,,
"CHIANG","F. CHIANG; F. GONZÁLEZ MEDRANO; VICTOR JARAMILLO LUQUE; JOSÉ LUIS VILLASEÑOR; PATRICIA DÁVILA",,"checked",,,,,
"CHORLEY","M. CHORLEY",,"checked",,,,,
"CHORLEY","M. CHORLEY",,"checked",,,,,
"CHORLEY","MARY CHORLEY",,"checked",,,,,
"CHORLEY","MARY CHORLEY",,"checked",,,,,
"CLARK","J. L. CLARK",,"checked",,,,,
"COLLETTA","G.D. COLLETTA",,"checked",,,,,
"CORNELIUS","CORNELIUS H. MULLER",,"checked",,,,,
"CORRELL","D. S. CORRELL",,"checked",,,,,
"CORRELL","DONOVAN S. CORRELL",,"checked",,,,,
"CORY","V. L. CORY",,"checked",,,,,
"CORY","VICTOR L. CORY",,"checked","X",,,,
"COSTA","I.G. COSTA",,"checked",,,,,
"CRISTOBAL","CARMEN L. CRISTÓBAL",,"checked",,,,,
"CROAT","T. B. CROAT",,"checked",,,,,
"CROAT","THOMAS B. CROAT",,"checked","x",,,,
"CUADROS","CUADROS, HERMES",,"checked",,,,,
"CUADROS","H. CUADROS",,"checked",,,,,
"CUADROS","HERMES CUADROS","NAO ULTIMO","checked",,,,,
"CUADROS","HERMES CUADROS V.","NAO ULTIMO","checked",,,,,
"CUADROS","HERMES. CUADROS V.",,"checked",,,,,
"CUATRECASAS","CUATRECASAS J",,"checked",,,,,
"CUATRECASAS","J. CUATRECASAS",,"checked",,,,,
"CUATRECASAS","JOSÉ CUATRECASAS",,"checked",,,,,
"CURRAN","H. M. CURRAN",,"checked",,,,,
"DAMASCENO","DAMASCENO JR., G.A.","FILHO-JUNIOR","checked",,,,,
"DAMASCENO","G.A. DAMASCENO-JUNIOR; C.A. CAROLLO; P.R. SOUZA; D.T. AZEVEDO; E.M.L. ANJOS DOS SANTOS; F.J. KOCHANOVSKI; V. GOES","FILHO-JUNIOR","checked","X",,,,
"DAVIDSE","G. DAVIDSE",,"checked",,,,,
"DAVIDSE","G. DAVIDSE; M. SOUSA; JOSÉ L. LINARES",,"checked",,,,,
"DEEGEA","J. DEEGEA-JUVINEL, M. PEÑA-CHOCARRO, M. VERA","NAO ULTIMO","checked","X",,,,
"DEGEN","DEGEN, R.",,"checked",,,,,
"DEGEN","ROSA DEGEN",,"checked",,,,,
"DELGADO","A. DELGADO S.; R. HERNÁNDEZ; L. TREJO",,"checked",,,,,
"DEVIA","W. DEVIA",,"checked",,,,,
"DEVIA","WILSON DEVIA A.",,"checked",,,,,
"DIAZ","CAMILO DÍAZ S.","NAO ULTIMO","checked","X",,,,
"DIEGO","N. DIEGO",,"checked",,,,,
"DOMINGUEZ","A. DOMÍNGUEZ M.",,"checked",,,,,
"DOMINGUEZ","A. DOMÍNGUEZ M.; ET AL.",,"checked",,,,,
"DOMINGUEZ","HÉCTOR GÓMEZ DOMÍNGUEZ",,"checked",,,,,
"DOMINGUEZ","M. DOMÍNGUEZ L.",,"checked",,,,,
"DORANTES","J. DORANTES",,"checked",,,,,
"DORANTES","J. DORANTES L.",,"checked",,,,,
"DRYANDER","E. DRYANDER",,"checked",,,,,
"DUGAND","A. DUGAND",,"checked",,,,,
"DUGAND","A. DUGAND & R. JARAMILLO",,"checked",,,,,
"DUQUE","DUQUE J.",,"checked",,,,,
"DUQUE","DUQUE J., J. M.",,"checked",,,,,
"DUQUE","J.M. DUQUE-JARAMILLO","NAO ULTIMO","checked","X",,,,
"DUQUE","JESÚS MARÍA DUQUE-JARAMILLO","NAO ULTIMO","checked","X",,,,
"EGEA","DE EGEA, J.",,"checked",,,,,
"EGGERS","-. EGGERS",,"checked",,,,,
"EGGERS","EGGERS, H. F. A.",,"checked",,,,,
"EGGERS","H. EGGERS",,"checked",,,,,
"EGGERS","H. F. A. VON EGGERS",,"checked",,,,,
"EGGERS","H.F.A. VON EGGERS",,"checked",,,,,
"ELIAS","BRO. ELIAS",,"checked",,,,,
"ELORSA","M. ELORSA C.",,"checked",,,,,
"ELORSA","MISAEL ELORSA C.",,"checked",,,,,
"ESPINAL","ESPINAL T., S.","NAO ULTIMO","checked",,,,,
"ESTEVAN","ESTEVAN, D.A.",,"checked",,,,,
"ESTEVAN","ESTEVAN, DA",,"checked",,,,,
"ESTEVAN","ESTEVAN, DA; ET AL.",,"checked",,,,,
"ESTEVAN","ESTEVAN, DA; KRANZ, WM; ET AL.",,"checked",,,,,
"F H A","FHA; JAHV; HAH","ACRONIMO","checked","X",,,,
"FARNEY","C. FARNEY",,"checked",,,,,
"FARNEY","C. FARNEY; M. PEREIRA",,"checked",,,,,
"FARNEY","C. FARNEY; V.S.FONSECA,T.S.PEREIRA",,"checked",,,,,
"FARNEY","C.FARNEY",,"checked",,,,,
"FARNEY","FARNEY, C",,"checked",,,,,
"FERNANDEZ","F. JAVIER FERNÁNDEZ CASAS",,"checked",,,,,
"FERREIRA","FERREIRA, J.A.",,"checked",,,,,
"FERREIRA","FERREIRA, J.A. ET AL.",,"checked",,,,,
"FERREIRA","FERREIRA, JA",,"checked",,,,,
"FERREIRA","FERREIRA, JA; ET AL.",,"checked",,,,,
"FERREIRA","FERREIRA, JA; FRANCISCO, EM; PAVÃO, OC",,"checked",,,,,
"FERRIS","R. S. FERRIS",,"checked",,,,,
"FIEBRIG","K. FIEBRIG",,"checked",,,,,
"FIGUEIREDO","FIGUEIREDO, MA",,"checked",,,,,
"FORTHER","H. FÖRTHER & ET AL.",,"checked",,,,,
"FORTUNATO","FORTUNATO, R. H.",,"checked",,,,,
"FRANCISCO","E. M. FRANCISCO - UEL",,"checked",,,,,
"FRANCISCO","E.M. FRANCISCO",,"checked",,,,,
"FRANCISCO","FRANCISCO, E.M.",,"checked",,,,,
"FRANCISCO","FRANCISCO, E.M. ET AL.",,"checked",,,,,
"FRANCISCO","FRANCISCO, E.M.;PAVÃO, O.C.",,"checked",,,,,
"FRANCISCO","FRANCISCO, EM",,"checked",,,,,
"FRANCISCO","FRANCISCO, EM; ALVES, J",,"checked",,,,,
"FRANCISCO","FRANCISCO, EM; ET AL.",,"checked",,,,,
"FRANCISCO","FRANCISCO, EM; PAVÃO, OC",,"checked",,,,,
"FRANCISCO","FRANCISCO, EM; PAVÃO, OC; ALVES, J",,"checked",,,,,
"FRANCISCO","FRANCISCO, EM; PAVÃO, OC; GONÇALVES, OM",,"checked",,,,,
"FRANCISCO","FRANCISCO, EM; SOUZA, LRM",,"checked",,,,,
"FRANCISCO","FRANCISCO, EM;FRANCISCO, E.M.",,"checked",,,,,
"FRIES","FRIES, R.E.",,"checked",,,,,
"FRIES","R. E. FRIES",,"checked",,,,,
"FRIES","R.E. FRIES",,"checked",,,,,
"FRIES","ROB. E. FRIES",,"checked",,,,,
"FUENTES","ALFREDO F. FUENTES",,"checked",,,,,
"GALAN","GALÁN,P. & PEÑA,B.J.",,"checked",,,,,
"GALEOTTI","H. G. GALEOTTI",,"checked",,,,,
"GALEOTTI","H.G. GALEOTTI",,"checked",,,,,
"GARCIA","H. GARCÍA B.",,"checked",,,,,
"GARCIA","L.M.GARCIA",,"checked",,,,,
"GARNICA","Z. GARNICA S.",,"checked",,,,,
"GENTRY","A. H. GENTRY",,"checked",,,,,
"GENTRY","AL GENTRY",,"checked",,,,,
"GENTRY","ALWYN H. GENTRY",,"checked",,,,,
"GENTRY","ALWYN H. GENTRY;ELSA M. ZARDINI",,"checked",,,,,
"GENTRY","ALWYN HOWARD GENTRY",,"checked",,,,,
"GENTRY","H. S. GENTRY",,"checked",,,,,
"GENTRY","HOWARD SCOTT GENTRY",,"checked",,,,,
"GNECO","ARMANDO DUGAND GNECO",,"checked","X",,,,
"GONZALEZ","ENRIQUE FORERO GONZÁLEZ",,"checked",,,,,
"GONZALEZ","F. GONZALEZ MEDRANO",,"checked",,,,,
"GONZALEZ","GONZÁLEZ,J.C.",,"checked",,,,,
"GONZALEZ","SERGIO GONZÁLEZ OLIVARES","NAO ULTIMO","checked","X",,,,
"GRIJALVA","ALFREDO GRIJALVA P.","NAO ULTIMO","checked",,,,,
"GUADALUPE","MA. GUADALUPE AYALA",,"checked",,,,,
"GUAGLIANONE","GUAGLIANONE, E. R.",,"checked",,,,,
"GUERRERO","B. GUERRERO C.",,"checked",,,,,
"GUTIERREZ","C. GUTIÉRREZ B.",,"checked",,,,,
"GUTIERREZ","C. GUTIÉRREZ-BÁEZ","NAO ULTIMO","checked","X",,,,
"H","H. & O. BRÜCHER","ACRONIMO","checked","X",,,,
"H G D","H.G.D.","ACRÔNIMO","checked",,,,,
"HARLING","GUNNAR HARLING",,"checked",,,,,
"HASSLER","E. HASSLER",,"checked",,,,,
"HASSLER","HASSLER E",,"checked",,,,,
"HASSLER","HASSLER, E.",,"checked",,,,,
"HASSLER","HASSLER,E.",,"checked",,,,,
"HASSLER","É. HASSLER",,"checked",,,,,
"HASSLER","ÉMILE HASSLER",,"checked",,,,,
"HATSCHBACH","GERT G. HATSCHBACH, MARIA M. HATSCHBACH;E.L. BARBOSA",,"checked",,,,,
"HATSCHBACH","HATSCHBACH, G;HATSCHBACH, G.",,"checked",,,,,
"HAUGHT","O. HAUGHT",,"checked",,,,,
"HAUGHT","OSCAR HAUGHT",,"checked",,,,,
"HAUMAN","HAUMAN, L. L.",,"checked",,,,,
"HAUMAN","L.L. HAUMAN",,"checked",,,,,
"HELME","N. HELME",,"checked",,,,,
"HERBARIO NACIONAL COLOMBIANO","HERBARIO NACIONAL COLOMBIANO","GRUPO-EQUIPE","checked","X",,,,
"HERNANDEZ","L. HERNÁNDEZ",,"checked",,,,,
"HERNANDEZ","LUIS HERNÁNDEZ",,"checked",,,,,
"HERRERA","HERRERA,N.",,"checked",,,,,
"HERRERA","N. HERRERA",,"checked",,,,,
"HERZOG","HERZOG T",,"checked",,,,,
"HERZOG","T. HERZOG",,"checked",,,,,
"HIERONYMUS","HIERONYMUS, G.",,"checked",,,,,
"HOLST","BRUCE K. HOLST",,"checked",,,,,
"HOMEIER","JÜRGEN HOMEIER",,"checked",,,,,
"HOPKINS","MIKE HOPKINS",,"checked",,,,,
"HOWELL","J. T. HOWELL",,"checked",,,,,
"HOWELL","JOHN THOMAS HOWELL",,"checked",,,,,
"HUGHES","C. E. HUGHES",,"checked",,,,,
"HUIDOBRO","A. M. R. HUIDOBRO",,"checked",,,,,
"HUMBOLDT","HUMBOLDT,F.W.H.A. VON & BONPLAND,A.J.A.",,"checked",,,,,
"HUNZIKER","HUNZIKER, A. T.",,"checked",,,,,
"HUNZIKER","HUNZIKER, A.T.",,"checked",,,,,
"HUNZIKER","HUNZIKER, AT;HUNZIKER, A.T.",,"checked",,,,,
"HUTCHISON","P. C. HUTCHISON & J. K. WRIGHT",,"checked",,,,,
"HUTCHISON","PAUL C. HUTCHISON",,"checked",,,,,
"IGN","LEG. IGN.",,"checked",,,,,
"ISMAEL","ISMAEL MOREL",,"checked",,,,,
"J M M","J.M.M.","ACRÔNIMO","checked",,,,,
"JOHNSON","JOHNSON, A. E.",,"checked",,,,,
"JOHNSTON","I.M. JOHNSTON",,"checked",,,,,
"JOHNSTON","JOHNSTON, I.M.",,"checked",,,,,
"JOHNSTON","MARSHALL C. JOHNSTON",,"checked",,,,,
"JONES","MARCUS E. JONES",,"checked","X",,,,
"JORGENSEN","P. JORGENSEN",,"checked",,,,,
"JORGENSEN","P. JÖRGENSEN",,"checked",,,,,
"JORGENSEN","PEDRO JÖRGENSEN",,"checked",,,,,
"JOUY","JOUY, A",,"checked",,,,,
"JUVINEL","J. DE EGEA JUVINEL",,"checked",,,,,
"KELLER","KELLER, H. A.",,"checked",,,,,
"KELLER","KELLER, H.A.",,"checked",,,,,
"KRAPOVICKAS","A. KRAPOVICKAS & C. L. CRISTÓBAL",,"checked",,,,,
"KRAPOVICKAS","A. KRAPOVICKAS; C. L. CRISTOBAL",,"checked",,,,,
"KRAPOVICKAS","ANTONIO  C. KRAPOVICKAS",,"checked",,,,,
"KRAPOVICKAS","ANTONIO  C. KRAPOVICKAS",,"checked",,,,,
"KRAPOVICKAS","ANTONIO  C. KRAPOVICKAS;CARMEN L. CRISTÓBAL",,"checked",,,,,
"KRAPOVICKAS","KRAPOVICKAS, A",,"checked",,,,,
"KRAPOVICKAS","KRAPOVICKAS, A.",,"checked",,,,,
"KRAPOVICKAS","KRAPOVICKAS, A; CRISTÓBAL, CL",,"checked",,,,,
"KRAPOVICKAS","KRAPOVICKAS, A; ET AL.",,"checked",,,,,
"KRAPOVICKAS","KRAPOVICKAS, A; SCHININI, A",,"checked",,,,,
"KRAPOVICKAS","KRAPOVICKAS, A; SCHININI, A",,"checked",,,,,
"KRAPOVICKAS","KRAPOVICKAS, A;CRISTÓBAL, C.L.,KRAPOVICKAS, A.",,"checked",,,,,
"KRAPOVICKAS","KRAPOVICKAS, A;KRAPOVICKAS, A.",,"checked",,,,,
"KRAPOVICKAS","KRAPOVICKAS, A;KRAPOVICKAS, A.,ET AL.",,"checked",,,,,
"KRAPOVICKAS","KRAPOVICKAS, A;SCHININI, A.,KRAPOVICKAS, A.",,"checked",,,,,
"KREWER","KREWER, C.",,"checked",,,,,
"L G M S","L.G.M.S.","ACRÔNIMO","checked",,,,,
"LAGUNA","A. LAGUNA",,"checked",,,,,
"LANGLASSE","E. LANGLASSÉ",,"checked",,,,,
"LEGNAME","LEGNAME, P. R.",,"checked",,,,,
"LEON","JOSÉ LUIS LEÓN DE LA LUZ",,"checked",,,,,
"LESUEUR","H. LESUEUR",,"checked",,,,,
"LESUEUR","HARDE LESUEUR",,"checked",,,,,
"LINARES","JOSÉ L. LINARES",,"checked",,,,,
"LINARES","JOSÉ L. LINARES; CARLOS A. MARTÍNEZ",,"checked",,,,,
"LINARES","JOSÉ L. LINARES; CARLOS A. MARTÍNEZ",,"checked",,,,,
"LINDEMAN","LINDEMAN JC; HAAS JH DE",,"checked",,,,,
"LINDEMAN","LINDEMAN JC; HORREÜS DE HAAS R",,"checked",,,,,
"LINDERMAN","J.C. LINDERMAN; J.H. DE HAAS",,"checked",,,,,
"LITTLE","E. L. LITTLE JR.","FILHO-JUNIOR-NETO","checked",,,,,
"LITTLE","ELBERT L. LITTLE","FILHO-JUNIOR-NETO","checked",,,,,
"LOPEZ","A. LÓPEZ",,"checked",,,,,
"LORENTZ","LORENTZ",,"checked",,,,,
"LORENTZ","LORENTZ, P. G.",,"checked",,,,,
"LORENTZ","LORENTZ,P.G. & HIERONYMUS,G.H.E.W.",,"checked",,,,,
"LORENTZ","P. G. LORENTZ",,"checked",,,,,
"LORENTZ","P. G. LORENTZ & G. H. HIERONYMUS",,"checked",,,,,
"LORENTZ","P. G. LORENTZ & G. HIERONYMUS",,"checked",,,,,
"LOT","A. LOT",,"checked",,,,,
"LOT","A. LOT H.",,"checked",,,,,
"LOTT","E. J. LOTT",,"checked",,,,,
"LOTT","E.J. LOTT",,"checked",,,,,
"LOVATO","LOVATO, M.C.",,"checked",,,,,
"LOVATO","LOVATO, MC; ET AL.",,"checked",,,,,
"LOZADA","L. LOZADA",,"checked",,,,,
"LOZADA","LUCIO LOZADA PÉREZ",,"checked",,,,,
"LOZANO","GUSTAVO LOZANO C.","NAO ULTIMO","checked","X",,,,
"LOZANO","LOZANO C., G.",,"checked",,,,,
"LOZANO","REINALDO LOZANO",,"checked","X",,,,
"LUNDELL","C. L. LUNDELL",,"checked",,,,,
"LUNDELL","C. L. LUNDELL & A. A. LUNDELL",,"checked",,,,,
"LUNDELL","CYRUS L. LUNDELL",,"checked",,,,,
"MAAS","MAAS, P.M.J.;CHATROU, L.W.,CLARK, J.L.,REPETUR, C.P.",,"checked",,,,,
"MACHADO","O. MACHADO",,"checked",,,,,
"MADSEN","J.E.  MADSEN",,"checked",,,,,
"MAHECHA","MAHECHA, G.",,"checked",,,,,
"MAHINDA","MAHINDA MARTINEZ; OLIVIA BALTAZAR","NAO ULTIMO","checked","X",,,,
"MAHINDA","MAHINDA MARTÍNEZ","NAO ULTIMO","checked","X",,,,
"MALME","G. O. A. MALME",,"checked",,,,,
"MALME","G.O.A. MALME",,"checked",,,,,
"MALME","MALME",,"checked",,,,,
"MARESTONI","MARESTONI, TM; CERVIGNE, NS; FRANCISCO, EM",,"checked",,,,,
"MARTINEZ","C. MARTÍNEZ",,"checked",,,,,
"MARTINEZ","CIPRIANO MARTÍNEZ R.",,"checked",,,,,
"MARTINEZ","CIPRIANO MARTÍNEZ RAMÍREZ",,"checked",,,,,
"MARTINEZ","E. MARTÍNEZ S.",,"checked",,,,,
"MARTINEZ","G. MARTINEZ-C.","COMPOSTO","checked","X",,,,
"MARTINEZ","G. MARTÍNEZ C.",,"checked",,,,,
"MARTINEZ","JORGE MARTÍNEZ MELÉNDEZ","NAO ULTIMO","checked","X",,,,
"MARTINEZ","M. MARTÍNEZ",,"checked",,,,,
"MARTINEZ","MARTÍNEZ, G. J.",,"checked",,,,,
"MARTINEZ","MARTÍNEZ,S.",,"checked",,,,,
"MARTINEZ","NAYELY MARTÍNEZ MELÉNDEZ","NAO ULTIMO","checked","X",,,,
"MARTINEZ","S. MARTÍNEZ",,"checked",,,,,
"MARTINS","MARTINS, FR; TAMASHIRO, JY",,"checked",,,,,
"MASON","H. L. MASON",,"checked",,,,,
"MATUDA","E. MATUDA",,"checked",,,,,
"MATUDA","EIZI MATUDA",,"checked",,,,,
"MATUDA","MATUDA, E.",,"checked",,,,,
"MATURO","H. MATURO",,"checked",,,,,
"MATURO","H.M. MATURO, D.E. PRADO",,"checked",,,,,
"MAXON","W. R. MAXON, A. D. HARVEY & A. VALENTINE",,"checked",,,,,
"MEAVE","JORGE A. MEAVE",,"checked",,,,,
"MELL","C. D. MELL",,"checked",,,,,
"MELLO-SILVA","MELLO-SILVA, R.",,"checked",,,,,
"MELLO-SILVA","R. MELLO-SILVA; R.C. FORZZA; A.C. MARCATO",,"checked",,,,,
"MENDOZA","MENDOZA, HUMBERTO",,"checked",,,,,
"MERELES","FÁTIMA MERELES",,"checked",,,,,
"MERELES","MERELES, F.",,"checked",,,,,
"MEYRAT","A.K. MEYRAT",,"checked",,,,,
"MIKICH","MIKICH, S.B.",,"checked",,,,,
"MIKICH","MIKICH, SB;MIKICH, S.B.",,"checked",,,,,
"MIKICH","S. B. MIKICH",,"checked",,,,,
"MIRANDA","F. MIRANDA",,"checked",,,,,
"MIRANDA","FAUSTINO MIRANDA",,"checked","X",,,,
"MIRTHA","MIRTHA ORTIZ",,"checked",,,,,
"MOLINA","A. MOLINA R.",,"checked",,,,,
"MOLINA","A. MOLINA R. & A. R. MOLINA",,"checked",,,,,
"MOLINA","ANTONIO MOLINA R.",,"checked","X",,,,
"MOLINA","ANTONIO MOLINA R.; ALBERTINA R. MOLINA",,"checked","X",,,,
"MOLINA","ANTONIO MOLINA R.; ALBERTINA R. MOLINA","NAO ULTIMO","checked","X",,,,
"MOLZ","MOLZ, M",,"checked",,,,,
"MONTES","MONTES, J.E.",,"checked",,,,,
"MONTES","MONTES, JE",,"checked",,,,,
"MORAN","R. MORAN",,"checked",,,,,
"MORAN","REID MORAN",,"checked",,,,,
"MOREL","I. MOREL",,"checked",,,,,
"MORENO","P. P. MORENO",,"checked",,,,,
"MORIN","CLAUDIO V. PAVETTI MORIN",,"checked","X",,,,
"MORRONE","MORRONE, O.",,"checked",,,,,
"MULGURA","MÚLGURA, M. E.",,"checked",,,,,
"MULLER","C. H. MULLER",,"checked",,,,,
"N M M","N.M.M.","ACRÔNIMO","checked",,,,,
"NARVAEZ","ALFONSO NARVAEZ",,"checked",,,,,
"NASCIMENTO","NASCIMENTO, M.T.;RABELO, G.R.",,"checked",,,,,
"NAVARRO","G. NAVARRO",,"checked",,,,,
"NEE","M. H. NEE",,"checked",,,,,
"NEE","M. NEE",,"checked",,,,,
"NEE","M. NEE & I.I. LINNEO F.",,"checked",,,,,
"NEE","M. NEE; K. TAYLOR",,"checked",,,,,
"NEE","MICHAEL H. NEE",,"checked","x",,,,
"NEE","MICHAEL NEE",,"checked","X",,,,
"NEE","NEE, M",,"checked",,,,,
"NEE","NEE, M.",,"checked",,,,,
"NEFFA","NEFFA, V.S.",,"checked",,,,,
"NEILL","DAVID A. NEILL",,"checked",,,,,
"NELSON","E. W. NELSON",,"checked",,,,,
"NICORA","NICORA, E. G.",,"checked",,,,,
"NIELSEN","L.B.  HOLM-NIELSEN","COMPOSTO","checked","X",,,,
"NOVARA","LÁZARO J. NOVARA",,"checked",,,,,
"NOVELO","A. NOVELO R.",,"checked",,,,,
"ORCUTT","C. R. ORCUTT",,"checked",,,,,
"ORTEGA","J. G. ORTEGA",,"checked",,,,,
"ORTIZ","S. ORTIZ",,"checked",,,,,
"PALMER","E. PALMER",,"checked",,,,,
"PALMER","EDWARD PALMER",,"checked",,,,,
"PAREDES","S. PAREDES",,"checked",,,,,
"PAVAO","O.C. PAVÃO",,"checked",,,,,
"PAVAO","PAVÃO, O.C.",,"checked",,,,,
"PAVAO","PAVÃO, O.C. ET AL.",,"checked",,,,,
"PAVAO","PAVÃO, OC",,"checked",,,,,
"PAVAO","PAVÃO, OC; ET AL.",,"checked",,,,,
"PEDERSEN","PEDERSEN TM",,"checked",,,,,
"PEDERSEN","PEDERSEN, TM",,"checked",,,,,
"PEDERSEN","PEDERSEN, TM;PEDERSEN, T.M.",,"checked",,,,,
"PEDERSEN","TROELS M. PEDERSEN",,"checked",,,,,
"PEDERSEN","TROELS MYNDEL PEDERSEN",,"checked",,,,,
"PEDERSON","T. PEDERSON",,"checked",,,,,
"PENNELL","F. W. PENNELL, E. P. KILLIP & T. E. HAZEN",,"checked",,,,,
"PENNINGTON","MILES M. STUART PENNINGTON",,"checked",,,,,
"PENNINGTON","PENNINGTON",,"checked",,,,,
"PEREZ","BLAS PÉREZ",,"checked",,,,,
"PEREZ","E. A. PÉREZ G.",,"checked",,,,,
"PEREZ","PÉREZ A., E.",,"checked",,,,,
"PIRE","PIRE, -",,"checked",,,,,
"PIRE","PIRE, S. M.",,"checked",,,,,
"PITTIER","H. F. PITTIER",,"checked",,,,,
"PLOWMAN","T. PLOWMAN",,"checked",,,,,
"PRINGLE","C. G. PRINGLE",,"checked",,,,,
"PRINGLE","C.G. PRINGLE",,"checked",,,,,
"PRINGLE","PRINGLE, C.G.",,"checked",,,,,
"PRINGLE","PRINGLE, CYRUS GUERNSEY",,"checked",,,,,
"PRINGLE","PRINGLE,C.G.",,"checked",,,,,
"PURPUS","C. A. PURPUS",,"checked",,,,,
"PURPUS","C.A. PURPUS",,"checked",,,,,
"QUEIROZ","QUEIROZ, L.P.DE",,"checked",,,,,
"QUEZADA","J.B. QUEZADA B.",,"checked",,,,,
"QUIGLEY","MARTIN F. QUIGLEY",,"checked",,,,,
"R A","R.A..","ACRÔNIMO","checked",,,,,
"RAMBO","B. RAMBO",,"checked",,,,,
"RAMBO","RAMBO B",,"checked",,,,,
"RAMBO","RAMBO, B",,"checked",,,,,
"RAMBO","RAMBO, B.",,"checked",,,,,
"RAMBO","RAMBO, B;RAMBO, B.",,"checked",,,,,
"RAMIREZ","D. RAMÍREZ CANTÚ","NAO ULTIMO","checked",,,,,
"RAMIREZ","F. RAMÍREZ",,"checked",,,,,
"RAMIREZ","F. RAMÍREZ R.","NAO ULTIMO","checked",,,,,
"RAMIREZ","R. RAMÍREZ D.",,"checked",,,,,
"REBMAN","J. REBMAN",,"checked",,,,,
"REBMAN","JON REBMAN",,"checked",,,,,
"REBMAN","REBMAN",,"checked",,,,,
"REKO","B. P. REKO",,"checked",,,,,
"RENDEROS","RENDEROS,M.",,"checked",,,,,
"RENDON","B. RENDÓN",,"checked",,,,,
"RIBAS","O.S.RIBAS",,"checked",,,,,
"RITTER","NUR RITTER",,"checked",,,,,
"RIVERA","J. RIVERA H.; S. SALAS M.; E. TORRES B.; R. GARCÍA S.",,"checked",,,,,
"RIVERA","J. RIVERA H.; S. SALAS M.; M. ELORSA C.",,"checked",,,,,
"RIVERA","JAIME RIVERA H.; SILVIA H. SALAS M.; MISAEL ELORSA C.",,"checked",,,,,
"ROBLES","L. ROBLES H.",,"checked",,,,,
"ROBLETO","W. ROBLETO T.",,"checked",,,,,
"RODRIGUEZ","F. M. RODRÍGUEZ",,"checked",,,,,
"RODRIGUEZ","RODRIGUEZ",,"checked",,,,,
"RODRIGUEZ","RODRÍGUEZ, F. M.",,"checked",,,,,
"RODRIGUEZ","RODRÍGUEZ,D. & PEÑA,W.",,"checked",,,,,
"ROJAS","MISAEL ROJAS",,"checked","X",,,,
"ROJAS","ROJAS, T.",,"checked",,,,,
"ROJAS","T. ROJAS",,"checked",,,,,
"ROJAS","TEODORO ROJAS",,"checked","X",,,,
"ROMERO","RAFAEL ROMERO-CASTAÑEDA","NAO ULTIMO","checked","X",,,,
"ROSALES","J. M. ROSALES",,"checked",,,,,
"ROSALES","ROSALES,J.M.",,"checked",,,,,
"ROSE","J. N. ROSE",,"checked",,,,,
"ROSE","J. N. ROSE & P. G. RUSSELL",,"checked",,,,,
"ROSE","J. N. ROSE, P. C. STANDLEY & P. G. RUSSELL",,"checked",,,,,
"RUIZ","RUIZ",,"checked",,,,,
"RUNYON","R. RUNYON",,"checked",,,,,
"RUNYON","ROBERT RUNYON",,"checked",,,,,
"RZEDOWSKI","J. RZEDOWSKI",,"checked",,,,,
"SAER","J. SAER",,"checked",,,,,
"SALAS","S. H. SALAS M.",,"checked",,,,,
"SALAS","S. SALAS M.; J. RIVERA H.; M. ELORSA C.",,"checked",,,,,
"SALDIAS","MARIO SALDIAS P.","NAO ULTIMO","checked",,,,,
"SALGADO","SALGADO, C. R.",,"checked",,,,,
"SALIS","SALIS, S. M.",,"checked",,,,,
"SANCHEZ","J.J. SÁNCHEZ; L. MORENO M.; E. GÓMEZ L.",,"checked",,,,,
"SANDEMAN","C. SANDEMAN",,"checked",,,,,
"SANDERS","A.C. SANDERS; T.R. VAN DEVENDER, R.K. VAN DEVENDER, S. MEYER, B. PITZER",,"checked",,,,,
"SANDINO","J. C. SANDINO",,"checked",,,,,
"SARAVIA","CARLOS SARAVIA",,"checked",,,,,
"SARAVIA","E. SARAVIA",,"checked",,,,,
"SARAVIA","SARAVIA TOLEDO, C.","NAO ULTIMO","checked",,,,,
"SCARPA","G.F. SCARPA",,"checked",,,,,
"SCARPA","SCARPA, G. F.",,"checked",,,,,
"SCHININI","A. SCHININI",,"checked",,,,,
"SCHININI","SCHININI A",,"checked",,,,,
"SCHININI","SCHININI, A.",,"checked",,,,,
"SCHMEDA","G. SCHMEDA",,"checked",,,,,
"SCHREITER","SCHREITER R",,"checked",,,,,
"SCHUEL","SCHUEL KM",,"checked",,,,,
"SCHWARZ","G.J. SCHWARZ",,"checked",,,,,
"SCHWARZ","SCHWARZ, G.J.",,"checked",,,,,
"SEGER","SEGER, GDS",,"checked",,,,,
"SELLOW","F. SELLOW",,"checked",,,,,
"SELLOW","SELLOW F.",,"checked",,,,,
"SELLOW","SELLOW,F.",,"checked",,,,,
"SEM-COLETOR","COLLECTOR UNKNOWN","SEM-COLETOR","checked","x",,,,
"SEM-COLETOR","NO DISPONIBLE","SEM-COLETOR","checked","X",,,,
"SEM-COLETOR","UNKNOWN","SEM-COLETOR","checked","X",,,,
"SEM-COLETOR",,"SEM-COLETOR","checked","x",,,,
"SESSE","M. SESSÉ & J. M. MOCIÑO",,"checked",,,,,
"SESSE","SESSÉ & MOCIÑO",,"checked",,,,,
"SHREVE","F. SHREVE",,"checked",,,,,
"SILVA","FRANCISCO DAS CHAGAS E SILVA",,"checked","X",,,,
"SILVA","FRANCISCO DAS CHAGAS E SILVA; ET AL.",,"checked","X",,,,
"SILVA","FRANCISCO DAS CHAGAS E SILVA; SOARES-SILVA, LH",,"checked","X",,,,
"SIMPSON","D. R. SIMPSON & J. SCHUNKE VIGO",,"checked",,,,,
"SIN","SIN","ACRÔNIMO","checked",,,,,
"SIQUEIRA","E.L. SIQUEIRA",,"checked",,,,,
"SIQUEIRA","SIQUEIRA, E.L. ET AL.",,"checked",,,,,
"SIQUEIRA","SIQUEIRA, E.L.; ET AL.",,"checked",,,,,
"SIQUEIRA","SIQUEIRA, E.L.;ET AL.",,"checked",,,,,
"SIQUEIRA","SIQUEIRA, EL",,"checked",,,,,
"SIQUEIRA","SIQUEIRA, EL;SIQUEIRA, E.L.",,"checked",,,,,
"SMITH","HERBERT H. SMITH",,"checked","X",,,,
"SMITH","L. B. SMITH",,"checked",,,,,
"SMITH","L. SMITH & R. M. KLEIN",,"checked",,,,,
"SMITH","L.B. SMITH;,R.M. KLEIN,SMITH, R.M. KLEIN",,"checked",,,,,
"SMITH","LYMAN B. SMITH;ROBERTO M. KLEIN",,"checked",,,,,
"SMITH","ROBERT F. SMITH",,"checked","X",,,,
"SMITH","SMITH, L. B.",,"checked",,,,,
"SMITH","SMITH, L.B.; KLEIN, R.M.",,"checked",,,,,
"SOLOMON","SOLOMON JC; NEE MH",,"checked",,,,,
"SOLORIO","MISAEL ROJAS SOLORIO",,"checked",,,,,
"SORIA","N. SORIA",,"checked",,,,,
"SORIA","NÉLIDA SORIA",,"checked","x",,,,
"SORIA","SORIA, N.",,"checked",,,,,
"SOTO","JORGE CALÓNICO SOTO; O. TÉLLEZ; A. DOMÍNGUEZ M.; J. MARTÍNEZ C.",,"checked","X",,,,
"SOTO","JOSÉ C. SOTO NUNEZ; AMADA ROMÁN DE SOTO","NAO ULTIMO","checked","X",,,,
"SOTO","JOSÉ C. SOTO NÚÑEZ","NAO ULTIMO","checked","X",,,,
"SOUSA","M. SOUSA",,"checked",,,,,
"SOUZA","PAULA-SOUZA, J","COMPOSTO","checked","X",,,,
"SOUZA","PAULA-SOUZA, J.","COMPOSTO","checked","X",,,,
"SOUZA","SOUZA, V. C.",,"checked",,,,,
"SOUZA","SOUZA, V.C.",,"checked",,,,,
"SOUZA","SOUZA, VC",,"checked",,,,,
"SOUZA","SOUZA, VC;SOUZA, V.C.",,"checked",,,,,
"SPARRE","BENKT SPARRE",,"checked",,,,,
"SPARRE","SPARRE & VERVOORST",,"checked",,,,,
"STANDLEY","P. C. STANDLEY",,"checked",,,,,
"STANDLEY","PAUL C. STANDLEY",,"checked",,,,,
"STEINMANN","V. W. STEINMANN; E. CARRANZA G.",,"checked",,,,,
"STEVENS","W. D. STEVENS",,"checked",,,,,
"STEYERMARK","JULIÁN A. STEYERMARK",,"checked",,,,,
"STEYERMARK","STEYERMARK JA; MANARA BJ",,"checked",,,,,
"TAMAYO","F. TAMAYO",,"checked",,,,,
"TELLEZ","O. TÉLLEZ; A. DOMÍNGUEZ M.; JORGE CALÓNICO SOTO",,"checked",,,,,
"TENORIO","P. TENORIO L.",,"checked",,,,,
"TEODORE","TEODORE MEYER",,"checked",,,,,
"THARP","B. C. THARP",,"checked",,,,,
"THIEME","C. THIEME",,"checked",,,,,
"TOME","TOMÉ, MVF",,"checked",,,,,
"TOME","TOMÉ, MVF;TOMÉ, M.V.F.",,"checked",,,,,
"TORRES","M.L. TORRES C.; ET AL.",,"checked",,,,,
"TRAVERSE","ALFRED TRAVERSE",,"checked",,,,,
"TRESSENS","S. G. TRESSENS",,"checked",,,,,
"TRESSENS","TRESSENS, S. G.",,"checked",,,,,
"TRESSENS","TRESSENS, S.G.",,"checked",,,,,
"TRIANA","J. TRIANA",,"checked",,,,,
"TRIANA","JOSÉ J. TRIANA",,"checked",,,,,
"TRIANA","TRIANA, J.",,"checked",,,,,
"TRIANA","TRIANA,J.J.",,"checked",,,,,
"TUCKER","J. M. TUCKER",,"checked",,,,,
"TUCKER","J.M. TUCKER",,"checked",,,,,
"TUCKER","TUCKER, JM",,"checked",,,,,
"URIBE","URIBE U., L.",,"checked",,,,,
"VALLA","J.J. VALLA",,"checked",,,,,
"VARGAS","I. G. VARGAS C.",,"checked",,,,,
"VARGAS","ISRAEL G. VARGAS C.",,"checked",,,,,
"VARGAS","VARGAS W.",,"checked",,,,,
"VARGAS","W. G. VARGAS",,"checked",,,,,
"VELARDE","O. VELARDE",,"checked",,,,,
"VELIZ","M. VÉLIZ; A. CÓBAR",,"checked",,,,,
"VELIZ","M. VÉLIZ; F. RAMÍREZ",,"checked",,,,,
"VENTURA","F. VENTURA A.",,"checked",,,,,
"VENTURA","FRANCISCO VENTURA A.","NAO ULTIMO","checked","X",,,,
"VENTURI","S. VENTURI",,"checked",,,,,
"VENTURI","VENTURI, S.",,"checked",,,,,
"VERA","M. VERA, M. PEÑA-CHOCARRO, J. DEEGEA-JUVINEL, M. TORRE",,"checked",,,,,
"VERDI","M. VERDI; R.P. HASCKEL; G. KLEMZ",,"checked",,,,,
"VERDI","VERDI, M.",,"checked",,,,,
"VERDI","VERDI, M.;KLEMZ, G.,M. VERDI,R.P. HASCKEL,G. KLEMZ,HASCKEL, R.P.",,"checked",,,,,
"VERDI","VERDI, M; ET AL.",,"checked",,,,,
"VERDI","VERDI, M; HASCKEL, RP; KLEMZ, G",,"checked",,,,,
"VIERECK","H. W. VIERECK",,"checked",,,,,
"VILLACORTA","RAUL VILLACORTA",,"checked",,,,,
"VILLACORTA","VILLACORTA,R.",,"checked",,,,,
"VILLANUEVA","B. VILLANUEVA; O. VELÁZQUEZ; B. AGUIRRE; C. OSPINA; J. CABEZAS",,"checked",,,,,
"WALKER","J. B. WALKER",,"checked",,,,,
"WATERFALL","U. T. WATERFALL",,"checked",,,,,
"WEBERBAUER","A. WEBERBAUER",,"checked",,,,,
"WIGGINS","I. L. WIGGINS",,"checked",,,,,
"WIGGINS","IRA L. WIGGINS",,"checked",,,,,
"WILLIAM","WILLIAM VARGAS",,"checked",,,,,
"WILLIAMS","D. E. WILLIAMS",,"checked",,,,,
"WILLIAMS","WILLIAMS L",,"checked",,,,,
"WILLIAMS","WILLIAMS, L.",,"checked",,,,,
"WOOD","J.R.I. WOOD",,"checked",,,,,
"WOOLSTON","WOOLSTON, A. L.",,"checked",,,,,
"WOYTKOWSKI","FELIX WOYTKOWSKI",,"checked",,,,,
"WRIGHT","C. WRIGHT",,"checked",,,,,
"YANEZ","M. YANEZ",,"checked",,,,,
"ZAMORA","P. ZAMORA C.",,"checked",,,,,
"ZARDINI","E. M. ZARDINI",,"checked",,,,,
"ZARDINI","E. ZARDINI",,"checked",,,,,
"ZARDINI","E. ZARDINI & R. VELÁSQUEZ",,"checked",,,,,
"ZARDINI","ELSA M. ZARDINI",,"checked",,,,,
"ZARDINI","ZARDINI, E. M.",,"checked",,,,,
"ZARDINI","ZARDINI, EM",,"checked",,,,,
"ZARDINI","ZARDINI, EM; AGUAYO, A",,"checked",,,,,
"ZARDINI","ZARDINI, EM;ZARDINI, E.M.",,"checked",,,,,
"ZOLA","M. G. ZOLA B.",,"checked",,,,,
"ZOLA","M.G. ZOLÁ B.",,"checked",,,,,
